customer_key,cluster,segmento_nome,data_calcolo
1,0,Nuovi clienti in attivazione,2026-08-25
3,0,Nuovi clienti in attivazione,2026-08-25
4,1,Clienti stabili a ritmo irregolare,2026-08-25
5,1,Clienti stabili a ritmo irregolare,2026-08-25
6,1,Clienti stabili a ritmo irregolare,2026-08-25
7,1,Clienti stabili a ritmo irregolare,2026-08-25
8,1,Clienti stabili a ritmo irregolare,2026-08-25
9,1,Clienti stabili a ritmo irregolare,2026-08-25
10,1,Clienti stabili a ritmo irregolare,2026-08-25
11,2,Clienti fedeli di alto valore,2026-08-25
12,1,Clienti stabili a ritmo irregolare,2026-08-25
13,2,Clienti fedeli di alto valore,2026-08-25
14,0,Nuovi clienti in attivazione,2026-08-25
15,1,Clienti stabili a ritmo irregolare,2026-08-25
16,0,Nuovi clienti in attivazione,2026-08-25
17,3,Clienti emergenti ad alta regolarita,2026-08-25
18,2,Clienti fedeli di alto valore,2026-08-25
19,1,Clienti stabili a ritmo irregolare,2026-08-25
20,2,Clienti fedeli di alto valore,2026-08-25
21,1,Clienti stabili a ritmo irregolare,2026-08-25
22,3,Clienti emergenti ad alta regolarita,2026-08-25
23,2,Clienti fedeli di alto valore,2026-08-25
24,1,Clienti stabili a ritmo irregolare,2026-08-25
25,2,Clienti fedeli di alto valore,2026-08-25
26,1,Clienti stabili a ritmo irregolare,2026-08-25
27,1,Clienti stabili a ritmo irregolare,2026-08-25
28,1,Clienti stabili a ritmo irregolare,2026-08-25
29,3,Clienti emergenti ad alta regolarita,2026-08-25
30,1,Clienti stabili a ritmo irregolare,2026-08-25
31,2,Clienti fedeli di alto valore,2026-08-25
32,1,Clienti stabili a ritmo irregolare,2026-08-25
33,3,Clienti emergenti ad alta regolarita,2026-08-25
34,1,Clienti stabili a ritmo irregolare,2026-08-25
35,1,Clienti stabili a ritmo irregolare,2026-08-25
36,1,Clienti stabili a ritmo irregolare,2026-08-25
37,2,Clienti fedeli di alto valore,2026-08-25
38,1,Clienti stabili a ritmo irregolare,2026-08-25
39,2,Clienti fedeli di alto valore,2026-08-25
40,3,Clienti emergenti ad alta regolarita,2026-08-25
41,1,Clienti stabili a ritmo irregolare,2026-08-25
42,1,Clienti stabili a ritmo irregolare,2026-08-25
43,2,Clienti fedeli di alto valore,2026-08-25
44,3,Clienti emergenti ad alta regolarita,2026-08-25
45,0,Nuovi clienti in attivazione,2026-08-25
46,3,Clienti emergenti ad alta regolarita,2026-08-25
47,2,Clienti fedeli di alto valore,2026-08-25
48,0,Nuovi clienti in attivazione,2026-08-25
49,2,Clienti fedeli di alto valore,2026-08-25
50,1,Clienti stabili a ritmo irregolare,2026-08-25
51,1,Clienti stabili a ritmo irregolare,2026-08-25
52,2,Clienti fedeli di alto valore,2026-08-25
53,3,Clienti emergenti ad alta regolarita,2026-08-25
54,2,Clienti fedeli di alto valore,2026-08-25
55,3,Clienti emergenti ad alta regolarita,2026-08-25
56,2,Clienti fedeli di alto valore,2026-08-25
57,3,Clienti emergenti ad alta regolarita,2026-08-25
58,1,Clienti stabili a ritmo irregolare,2026-08-25
59,0,Nuovi clienti in attivazione,2026-08-25
60,3,Clienti emergenti ad alta regolarita,2026-08-25
61,3,Clienti emergenti ad alta regolarita,2026-08-25
62,2,Clienti fedeli di alto valore,2026-08-25
63,2,Clienti fedeli di alto valore,2026-08-25
64,3,Clienti emergenti ad alta regolarita,2026-08-25
65,2,Clienti fedeli di alto valore,2026-08-25
66,2,Clienti fedeli di alto valore,2026-08-25
67,2,Clienti fedeli di alto valore,2026-08-25
68,3,Clienti emergenti ad alta regolarita,2026-08-25
69,2,Clienti fedeli di alto valore,2026-08-25
70,1,Clienti stabili a ritmo irregolare,2026-08-25
71,3,Clienti emergenti ad alta regolarita,2026-08-25
72,1,Clienti stabili a ritmo irregolare,2026-08-25
73,1,Clienti stabili a ritmo irregolare,2026-08-25
75,2,Clienti fedeli di alto valore,2026-08-25
76,3,Clienti emergenti ad alta regolarita,2026-08-25
77,1,Clienti stabili a ritmo irregolare,2026-08-25
78,0,Nuovi clienti in attivazione,2026-08-25
79,2,Clienti fedeli di alto valore,2026-08-25
80,2,Clienti fedeli di alto valore,2026-08-25
81,0,Nuovi clienti in attivazione,2026-08-25
82,2,Clienti fedeli di alto valore,2026-08-25
83,2,Clienti fedeli di alto valore,2026-08-25
84,2,Clienti fedeli di alto valore,2026-08-25
85,1,Clienti stabili a ritmo irregolare,2026-08-25
86,1,Clienti stabili a ritmo irregolare,2026-08-25
87,2,Clienti fedeli di alto valore,2026-08-25
88,2,Clienti fedeli di alto valore,2026-08-25
89,3,Clienti emergenti ad alta regolarita,2026-08-25
90,1,Clienti stabili a ritmo irregolare,2026-08-25
91,2,Clienti fedeli di alto valore,2026-08-25
92,2,Clienti fedeli di alto valore,2026-08-25
93,2,Clienti fedeli di alto valore,2026-08-25
94,1,Clienti stabili a ritmo irregolare,2026-08-25
95,1,Clienti stabili a ritmo irregolare,2026-08-25
96,2,Clienti fedeli di alto valore,2026-08-25
97,3,Clienti emergenti ad alta regolarita,2026-08-25
98,2,Clienti fedeli di alto valore,2026-08-25
99,2,Clienti fedeli di alto valore,2026-08-25
100,1,Clienti stabili a ritmo irregolare,2026-08-25
101,2,Clienti fedeli di alto valore,2026-08-25
102,2,Clienti fedeli di alto valore,2026-08-25
103,2,Clienti fedeli di alto valore,2026-08-25
104,2,Clienti fedeli di alto valore,2026-08-25
105,2,Clienti fedeli di alto valore,2026-08-25
106,0,Nuovi clienti in attivazione,2026-08-25
108,2,Clienti fedeli di alto valore,2026-08-25
109,1,Clienti stabili a ritmo irregolare,2026-08-25
110,2,Clienti fedeli di alto valore,2026-08-25
111,2,Clienti fedeli di alto valore,2026-08-25
112,2,Clienti fedeli di alto valore,2026-08-25
113,1,Clienti stabili a ritmo irregolare,2026-08-25
114,3,Clienti emergenti ad alta regolarita,2026-08-25
115,3,Clienti emergenti ad alta regolarita,2026-08-25
116,1,Clienti stabili a ritmo irregolare,2026-08-25
117,3,Clienti emergenti ad alta regolarita,2026-08-25
118,1,Clienti stabili a ritmo irregolare,2026-08-25
119,2,Clienti fedeli di alto valore,2026-08-25
120,2,Clienti fedeli di alto valore,2026-08-25
121,2,Clienti fedeli di alto valore,2026-08-25
122,1,Clienti stabili a ritmo irregolare,2026-08-25
123,2,Clienti fedeli di alto valore,2026-08-25
124,2,Clienti fedeli di alto valore,2026-08-25
125,2,Clienti fedeli di alto valore,2026-08-25
126,2,Clienti fedeli di alto valore,2026-08-25
127,2,Clienti fedeli di alto valore,2026-08-25
128,1,Clienti stabili a ritmo irregolare,2026-08-25
129,1,Clienti stabili a ritmo irregolare,2026-08-25
130,2,Clienti fedeli di alto valore,2026-08-25
131,2,Clienti fedeli di alto valore,2026-08-25
133,2,Clienti fedeli di alto valore,2026-08-25
134,1,Clienti stabili a ritmo irregolare,2026-08-25
135,1,Clienti stabili a ritmo irregolare,2026-08-25
136,1,Clienti stabili a ritmo irregolare,2026-08-25
137,2,Clienti fedeli di alto valore,2026-08-25
138,1,Clienti stabili a ritmo irregolare,2026-08-25
139,1,Clienti stabili a ritmo irregolare,2026-08-25
140,1,Clienti stabili a ritmo irregolare,2026-08-25
141,3,Clienti emergenti ad alta regolarita,2026-08-25
142,2,Clienti fedeli di alto valore,2026-08-25
143,0,Nuovi clienti in attivazione,2026-08-25
144,1,Clienti stabili a ritmo irregolare,2026-08-25
145,0,Nuovi clienti in attivazione,2026-08-25
146,2,Clienti fedeli di alto valore,2026-08-25
147,2,Clienti fedeli di alto valore,2026-08-25
148,2,Clienti fedeli di alto valore,2026-08-25
149,3,Clienti emergenti ad alta regolarita,2026-08-25
150,2,Clienti fedeli di alto valore,2026-08-25
151,2,Clienti fedeli di alto valore,2026-08-25
152,1,Clienti stabili a ritmo irregolare,2026-08-25
154,3,Clienti emergenti ad alta regolarita,2026-08-25
155,1,Clienti stabili a ritmo irregolare,2026-08-25
156,3,Clienti emergenti ad alta regolarita,2026-08-25
157,1,Clienti stabili a ritmo irregolare,2026-08-25
158,2,Clienti fedeli di alto valore,2026-08-25
159,2,Clienti fedeli di alto valore,2026-08-25
160,2,Clienti fedeli di alto valore,2026-08-25
161,2,Clienti fedeli di alto valore,2026-08-25
162,2,Clienti fedeli di alto valore,2026-08-25
163,1,Clienti stabili a ritmo irregolare,2026-08-25
164,2,Clienti fedeli di alto valore,2026-08-25
165,1,Clienti stabili a ritmo irregolare,2026-08-25
166,3,Clienti emergenti ad alta regolarita,2026-08-25
167,3,Clienti emergenti ad alta regolarita,2026-08-25
168,1,Clienti stabili a ritmo irregolare,2026-08-25
169,2,Clienti fedeli di alto valore,2026-08-25
170,1,Clienti stabili a ritmo irregolare,2026-08-25
171,3,Clienti emergenti ad alta regolarita,2026-08-25
172,2,Clienti fedeli di alto valore,2026-08-25
173,3,Clienti emergenti ad alta regolarita,2026-08-25
174,1,Clienti stabili a ritmo irregolare,2026-08-25
175,1,Clienti stabili a ritmo irregolare,2026-08-25
176,1,Clienti stabili a ritmo irregolare,2026-08-25
177,3,Clienti emergenti ad alta regolarita,2026-08-25
178,3,Clienti emergenti ad alta regolarita,2026-08-25
179,2,Clienti fedeli di alto valore,2026-08-25
180,2,Clienti fedeli di alto valore,2026-08-25
181,1,Clienti stabili a ritmo irregolare,2026-08-25
182,3,Clienti emergenti ad alta regolarita,2026-08-25
183,2,Clienti fedeli di alto valore,2026-08-25
184,2,Clienti fedeli di alto valore,2026-08-25
185,2,Clienti fedeli di alto valore,2026-08-25
186,2,Clienti fedeli di alto valore,2026-08-25
187,1,Clienti stabili a ritmo irregolare,2026-08-25
188,2,Clienti fedeli di alto valore,2026-08-25
189,2,Clienti fedeli di alto valore,2026-08-25
190,2,Clienti fedeli di alto valore,2026-08-25
191,2,Clienti fedeli di alto valore,2026-08-25
192,2,Clienti fedeli di alto valore,2026-08-25
193,2,Clienti fedeli di alto valore,2026-08-25
194,2,Clienti fedeli di alto valore,2026-08-25
195,2,Clienti fedeli di alto valore,2026-08-25
196,0,Nuovi clienti in attivazione,2026-08-25
197,3,Clienti emergenti ad alta regolarita,2026-08-25
198,2,Clienti fedeli di alto valore,2026-08-25
199,1,Clienti stabili a ritmo irregolare,2026-08-25
200,1,Clienti stabili a ritmo irregolare,2026-08-25
201,2,Clienti fedeli di alto valore,2026-08-25
202,2,Clienti fedeli di alto valore,2026-08-25
203,2,Clienti fedeli di alto valore,2026-08-25
204,0,Nuovi clienti in attivazione,2026-08-25
205,3,Clienti emergenti ad alta regolarita,2026-08-25
206,3,Clienti emergenti ad alta regolarita,2026-08-25
207,2,Clienti fedeli di alto valore,2026-08-25
208,1,Clienti stabili a ritmo irregolare,2026-08-25
209,3,Clienti emergenti ad alta regolarita,2026-08-25
210,2,Clienti fedeli di alto valore,2026-08-25
211,1,Clienti stabili a ritmo irregolare,2026-08-25
212,1,Clienti stabili a ritmo irregolare,2026-08-25
213,1,Clienti stabili a ritmo irregolare,2026-08-25
214,1,Clienti stabili a ritmo irregolare,2026-08-25
215,2,Clienti fedeli di alto valore,2026-08-25
216,2,Clienti fedeli di alto valore,2026-08-25
217,2,Clienti fedeli di alto valore,2026-08-25
218,3,Clienti emergenti ad alta regolarita,2026-08-25
219,2,Clienti fedeli di alto valore,2026-08-25
220,1,Clienti stabili a ritmo irregolare,2026-08-25
221,1,Clienti stabili a ritmo irregolare,2026-08-25
222,1,Clienti stabili a ritmo irregolare,2026-08-25
223,2,Clienti fedeli di alto valore,2026-08-25
225,1,Clienti stabili a ritmo irregolare,2026-08-25
226,2,Clienti fedeli di alto valore,2026-08-25
227,2,Clienti fedeli di alto valore,2026-08-25
228,2,Clienti fedeli di alto valore,2026-08-25
229,1,Clienti stabili a ritmo irregolare,2026-08-25
230,2,Clienti fedeli di alto valore,2026-08-25
231,3,Clienti emergenti ad alta regolarita,2026-08-25
232,3,Clienti emergenti ad alta regolarita,2026-08-25
233,2,Clienti fedeli di alto valore,2026-08-25
234,2,Clienti fedeli di alto valore,2026-08-25
235,2,Clienti fedeli di alto valore,2026-08-25
236,2,Clienti fedeli di alto valore,2026-08-25
237,1,Clienti stabili a ritmo irregolare,2026-08-25
238,2,Clienti fedeli di alto valore,2026-08-25
239,3,Clienti emergenti ad alta regolarita,2026-08-25
240,1,Clienti stabili a ritmo irregolare,2026-08-25
241,1,Clienti stabili a ritmo irregolare,2026-08-25
242,2,Clienti fedeli di alto valore,2026-08-25
243,0,Nuovi clienti in attivazione,2026-08-25
245,3,Clienti emergenti ad alta regolarita,2026-08-25
246,1,Clienti stabili a ritmo irregolare,2026-08-25
247,1,Clienti stabili a ritmo irregolare,2026-08-25
248,1,Clienti stabili a ritmo irregolare,2026-08-25
249,2,Clienti fedeli di alto valore,2026-08-25
250,1,Clienti stabili a ritmo irregolare,2026-08-25
251,2,Clienti fedeli di alto valore,2026-08-25
252,1,Clienti stabili a ritmo irregolare,2026-08-25
253,2,Clienti fedeli di alto valore,2026-08-25
254,2,Clienti fedeli di alto valore,2026-08-25
255,3,Clienti emergenti ad alta regolarita,2026-08-25
256,1,Clienti stabili a ritmo irregolare,2026-08-25
257,1,Clienti stabili a ritmo irregolare,2026-08-25
258,2,Clienti fedeli di alto valore,2026-08-25
259,2,Clienti fedeli di alto valore,2026-08-25
260,2,Clienti fedeli di alto valore,2026-08-25
261,3,Clienti emergenti ad alta regolarita,2026-08-25
262,2,Clienti fedeli di alto valore,2026-08-25
263,2,Clienti fedeli di alto valore,2026-08-25
264,1,Clienti stabili a ritmo irregolare,2026-08-25
265,1,Clienti stabili a ritmo irregolare,2026-08-25
266,2,Clienti fedeli di alto valore,2026-08-25
267,3,Clienti emergenti ad alta regolarita,2026-08-25
268,2,Clienti fedeli di alto valore,2026-08-25
269,2,Clienti fedeli di alto valore,2026-08-25
271,0,Nuovi clienti in attivazione,2026-08-25
272,1,Clienti stabili a ritmo irregolare,2026-08-25
273,2,Clienti fedeli di alto valore,2026-08-25
274,2,Clienti fedeli di alto valore,2026-08-25
275,3,Clienti emergenti ad alta regolarita,2026-08-25
276,2,Clienti fedeli di alto valore,2026-08-25
277,3,Clienti emergenti ad alta regolarita,2026-08-25
278,1,Clienti stabili a ritmo irregolare,2026-08-25
279,2,Clienti fedeli di alto valore,2026-08-25
280,2,Clienti fedeli di alto valore,2026-08-25
281,3,Clienti emergenti ad alta regolarita,2026-08-25
282,1,Clienti stabili a ritmo irregolare,2026-08-25
283,3,Clienti emergenti ad alta regolarita,2026-08-25
284,1,Clienti stabili a ritmo irregolare,2026-08-25
285,3,Clienti emergenti ad alta regolarita,2026-08-25
286,3,Clienti emergenti ad alta regolarita,2026-08-25
287,1,Clienti stabili a ritmo irregolare,2026-08-25
288,2,Clienti fedeli di alto valore,2026-08-25
289,1,Clienti stabili a ritmo irregolare,2026-08-25
290,1,Clienti stabili a ritmo irregolare,2026-08-25
291,1,Clienti stabili a ritmo irregolare,2026-08-25
293,1,Clienti stabili a ritmo irregolare,2026-08-25
294,3,Clienti emergenti ad alta regolarita,2026-08-25
295,0,Nuovi clienti in attivazione,2026-08-25
296,1,Clienti stabili a ritmo irregolare,2026-08-25
297,3,Clienti emergenti ad alta regolarita,2026-08-25
298,2,Clienti fedeli di alto valore,2026-08-25
299,1,Clienti stabili a ritmo irregolare,2026-08-25
300,2,Clienti fedeli di alto valore,2026-08-25
301,2,Clienti fedeli di alto valore,2026-08-25
302,2,Clienti fedeli di alto valore,2026-08-25
303,2,Clienti fedeli di alto valore,2026-08-25
304,1,Clienti stabili a ritmo irregolare,2026-08-25
305,2,Clienti fedeli di alto valore,2026-08-25
306,1,Clienti stabili a ritmo irregolare,2026-08-25
307,2,Clienti fedeli di alto valore,2026-08-25
308,1,Clienti stabili a ritmo irregolare,2026-08-25
309,1,Clienti stabili a ritmo irregolare,2026-08-25
310,2,Clienti fedeli di alto valore,2026-08-25
311,2,Clienti fedeli di alto valore,2026-08-25
312,3,Clienti emergenti ad alta regolarita,2026-08-25
313,3,Clienti emergenti ad alta regolarita,2026-08-25
314,1,Clienti stabili a ritmo irregolare,2026-08-25
315,2,Clienti fedeli di alto valore,2026-08-25
316,3,Clienti emergenti ad alta regolarita,2026-08-25
317,2,Clienti fedeli di alto valore,2026-08-25
318,2,Clienti fedeli di alto valore,2026-08-25
319,3,Clienti emergenti ad alta regolarita,2026-08-25
320,3,Clienti emergenti ad alta regolarita,2026-08-25
321,2,Clienti fedeli di alto valore,2026-08-25
322,1,Clienti stabili a ritmo irregolare,2026-08-25
323,3,Clienti emergenti ad alta regolarita,2026-08-25
324,0,Nuovi clienti in attivazione,2026-08-25
325,3,Clienti emergenti ad alta regolarita,2026-08-25
326,1,Clienti stabili a ritmo irregolare,2026-08-25
327,1,Clienti stabili a ritmo irregolare,2026-08-25
328,2,Clienti fedeli di alto valore,2026-08-25
329,3,Clienti emergenti ad alta regolarita,2026-08-25
330,2,Clienti fedeli di alto valore,2026-08-25
331,3,Clienti emergenti ad alta regolarita,2026-08-25
332,3,Clienti emergenti ad alta regolarita,2026-08-25
333,1,Clienti stabili a ritmo irregolare,2026-08-25
334,2,Clienti fedeli di alto valore,2026-08-25
335,2,Clienti fedeli di alto valore,2026-08-25
336,1,Clienti stabili a ritmo irregolare,2026-08-25
337,2,Clienti fedeli di alto valore,2026-08-25
338,1,Clienti stabili a ritmo irregolare,2026-08-25
339,0,Nuovi clienti in attivazione,2026-08-25
340,1,Clienti stabili a ritmo irregolare,2026-08-25
341,1,Clienti stabili a ritmo irregolare,2026-08-25
342,2,Clienti fedeli di alto valore,2026-08-25
343,1,Clienti stabili a ritmo irregolare,2026-08-25
344,2,Clienti fedeli di alto valore,2026-08-25
345,2,Clienti fedeli di alto valore,2026-08-25
346,3,Clienti emergenti ad alta regolarita,2026-08-25
347,2,Clienti fedeli di alto valore,2026-08-25
348,1,Clienti stabili a ritmo irregolare,2026-08-25
349,1,Clienti stabili a ritmo irregolare,2026-08-25
350,2,Clienti fedeli di alto valore,2026-08-25
351,2,Clienti fedeli di alto valore,2026-08-25
352,3,Clienti emergenti ad alta regolarita,2026-08-25
353,3,Clienti emergenti ad alta regolarita,2026-08-25
354,1,Clienti stabili a ritmo irregolare,2026-08-25
355,0,Nuovi clienti in attivazione,2026-08-25
356,2,Clienti fedeli di alto valore,2026-08-25
357,1,Clienti stabili a ritmo irregolare,2026-08-25
358,1,Clienti stabili a ritmo irregolare,2026-08-25
359,3,Clienti emergenti ad alta regolarita,2026-08-25
360,2,Clienti fedeli di alto valore,2026-08-25
361,1,Clienti stabili a ritmo irregolare,2026-08-25
362,1,Clienti stabili a ritmo irregolare,2026-08-25
363,1,Clienti stabili a ritmo irregolare,2026-08-25
364,2,Clienti fedeli di alto valore,2026-08-25
365,1,Clienti stabili a ritmo irregolare,2026-08-25
366,1,Clienti stabili a ritmo irregolare,2026-08-25
367,1,Clienti stabili a ritmo irregolare,2026-08-25
368,1,Clienti stabili a ritmo irregolare,2026-08-25
369,3,Clienti emergenti ad alta regolarita,2026-08-25
370,3,Clienti emergenti ad alta regolarita,2026-08-25
371,0,Nuovi clienti in attivazione,2026-08-25
372,1,Clienti stabili a ritmo irregolare,2026-08-25
373,2,Clienti fedeli di alto valore,2026-08-25
374,1,Clienti stabili a ritmo irregolare,2026-08-25
375,3,Clienti emergenti ad alta regolarita,2026-08-25
376,1,Clienti stabili a ritmo irregolare,2026-08-25
377,1,Clienti stabili a ritmo irregolare,2026-08-25
378,2,Clienti fedeli di alto valore,2026-08-25
380,2,Clienti fedeli di alto valore,2026-08-25
381,0,Nuovi clienti in attivazione,2026-08-25
382,3,Clienti emergenti ad alta regolarita,2026-08-25
383,1,Clienti stabili a ritmo irregolare,2026-08-25
384,2,Clienti fedeli di alto valore,2026-08-25
385,1,Clienti stabili a ritmo irregolare,2026-08-25
386,3,Clienti emergenti ad alta regolarita,2026-08-25
387,1,Clienti stabili a ritmo irregolare,2026-08-25
388,1,Clienti stabili a ritmo irregolare,2026-08-25
389,1,Clienti stabili a ritmo irregolare,2026-08-25
390,3,Clienti emergenti ad alta regolarita,2026-08-25
391,2,Clienti fedeli di alto valore,2026-08-25
392,1,Clienti stabili a ritmo irregolare,2026-08-25
393,1,Clienti stabili a ritmo irregolare,2026-08-25
394,1,Clienti stabili a ritmo irregolare,2026-08-25
395,1,Clienti stabili a ritmo irregolare,2026-08-25
396,2,Clienti fedeli di alto valore,2026-08-25
397,1,Clienti stabili a ritmo irregolare,2026-08-25
398,3,Clienti emergenti ad alta regolarita,2026-08-25
399,3,Clienti emergenti ad alta regolarita,2026-08-25
400,3,Clienti emergenti ad alta regolarita,2026-08-25
401,3,Clienti emergenti ad alta regolarita,2026-08-25
402,2,Clienti fedeli di alto valore,2026-08-25
403,2,Clienti fedeli di alto valore,2026-08-25
404,2,Clienti fedeli di alto valore,2026-08-25
405,1,Clienti stabili a ritmo irregolare,2026-08-25
406,2,Clienti fedeli di alto valore,2026-08-25
407,1,Clienti stabili a ritmo irregolare,2026-08-25
408,1,Clienti stabili a ritmo irregolare,2026-08-25
409,1,Clienti stabili a ritmo irregolare,2026-08-25
410,2,Clienti fedeli di alto valore,2026-08-25
411,2,Clienti fedeli di alto valore,2026-08-25
412,2,Clienti fedeli di alto valore,2026-08-25
413,0,Nuovi clienti in attivazione,2026-08-25
414,1,Clienti stabili a ritmo irregolare,2026-08-25
415,3,Clienti emergenti ad alta regolarita,2026-08-25
416,3,Clienti emergenti ad alta regolarita,2026-08-25
417,3,Clienti emergenti ad alta regolarita,2026-08-25
418,1,Clienti stabili a ritmo irregolare,2026-08-25
419,2,Clienti fedeli di alto valore,2026-08-25
420,0,Nuovi clienti in attivazione,2026-08-25
421,1,Clienti stabili a ritmo irregolare,2026-08-25
422,3,Clienti emergenti ad alta regolarita,2026-08-25
423,3,Clienti emergenti ad alta regolarita,2026-08-25
424,1,Clienti stabili a ritmo irregolare,2026-08-25
425,3,Clienti emergenti ad alta regolarita,2026-08-25
426,3,Clienti emergenti ad alta regolarita,2026-08-25
427,2,Clienti fedeli di alto valore,2026-08-25
428,1,Clienti stabili a ritmo irregolare,2026-08-25
429,2,Clienti fedeli di alto valore,2026-08-25
430,3,Clienti emergenti ad alta regolarita,2026-08-25
431,3,Clienti emergenti ad alta regolarita,2026-08-25
432,2,Clienti fedeli di alto valore,2026-08-25
433,2,Clienti fedeli di alto valore,2026-08-25
434,1,Clienti stabili a ritmo irregolare,2026-08-25
435,3,Clienti emergenti ad alta regolarita,2026-08-25
436,2,Clienti fedeli di alto valore,2026-08-25
437,2,Clienti fedeli di alto valore,2026-08-25
438,1,Clienti stabili a ritmo irregolare,2026-08-25
439,2,Clienti fedeli di alto valore,2026-08-25
440,2,Clienti fedeli di alto valore,2026-08-25
441,2,Clienti fedeli di alto valore,2026-08-25
442,1,Clienti stabili a ritmo irregolare,2026-08-25
443,3,Clienti emergenti ad alta regolarita,2026-08-25
444,3,Clienti emergenti ad alta regolarita,2026-08-25
445,0,Nuovi clienti in attivazione,2026-08-25
446,2,Clienti fedeli di alto valore,2026-08-25
447,2,Clienti fedeli di alto valore,2026-08-25
448,2,Clienti fedeli di alto valore,2026-08-25
449,2,Clienti fedeli di alto valore,2026-08-25
450,1,Clienti stabili a ritmo irregolare,2026-08-25
451,2,Clienti fedeli di alto valore,2026-08-25
452,1,Clienti stabili a ritmo irregolare,2026-08-25
453,2,Clienti fedeli di alto valore,2026-08-25
454,1,Clienti stabili a ritmo irregolare,2026-08-25
455,3,Clienti emergenti ad alta regolarita,2026-08-25
456,2,Clienti fedeli di alto valore,2026-08-25
457,2,Clienti fedeli di alto valore,2026-08-25
458,2,Clienti fedeli di alto valore,2026-08-25
459,2,Clienti fedeli di alto valore,2026-08-25
460,1,Clienti stabili a ritmo irregolare,2026-08-25
461,2,Clienti fedeli di alto valore,2026-08-25
462,3,Clienti emergenti ad alta regolarita,2026-08-25
463,2,Clienti fedeli di alto valore,2026-08-25
464,1,Clienti stabili a ritmo irregolare,2026-08-25
465,1,Clienti stabili a ritmo irregolare,2026-08-25
466,1,Clienti stabili a ritmo irregolare,2026-08-25
467,2,Clienti fedeli di alto valore,2026-08-25
468,3,Clienti emergenti ad alta regolarita,2026-08-25
469,2,Clienti fedeli di alto valore,2026-08-25
470,1,Clienti stabili a ritmo irregolare,2026-08-25
471,2,Clienti fedeli di alto valore,2026-08-25
472,1,Clienti stabili a ritmo irregolare,2026-08-25
473,1,Clienti stabili a ritmo irregolare,2026-08-25
474,2,Clienti fedeli di alto valore,2026-08-25
475,3,Clienti emergenti ad alta regolarita,2026-08-25
476,2,Clienti fedeli di alto valore,2026-08-25
477,2,Clienti fedeli di alto valore,2026-08-25
478,3,Clienti emergenti ad alta regolarita,2026-08-25
479,2,Clienti fedeli di alto valore,2026-08-25
480,1,Clienti stabili a ritmo irregolare,2026-08-25
481,1,Clienti stabili a ritmo irregolare,2026-08-25
482,1,Clienti stabili a ritmo irregolare,2026-08-25
483,1,Clienti stabili a ritmo irregolare,2026-08-25
484,0,Nuovi clienti in attivazione,2026-08-25
485,2,Clienti fedeli di alto valore,2026-08-25
486,1,Clienti stabili a ritmo irregolare,2026-08-25
487,2,Clienti fedeli di alto valore,2026-08-25
488,2,Clienti fedeli di alto valore,2026-08-25
489,1,Clienti stabili a ritmo irregolare,2026-08-25
490,1,Clienti stabili a ritmo irregolare,2026-08-25
491,2,Clienti fedeli di alto valore,2026-08-25
492,0,Nuovi clienti in attivazione,2026-08-25
493,3,Clienti emergenti ad alta regolarita,2026-08-25
494,2,Clienti fedeli di alto valore,2026-08-25
495,3,Clienti emergenti ad alta regolarita,2026-08-25
496,1,Clienti stabili a ritmo irregolare,2026-08-25
497,3,Clienti emergenti ad alta regolarita,2026-08-25
498,3,Clienti emergenti ad alta regolarita,2026-08-25
499,2,Clienti fedeli di alto valore,2026-08-25
500,3,Clienti emergenti ad alta regolarita,2026-08-25
501,2,Clienti fedeli di alto valore,2026-08-25
502,1,Clienti stabili a ritmo irregolare,2026-08-25
503,1,Clienti stabili a ritmo irregolare,2026-08-25
504,1,Clienti stabili a ritmo irregolare,2026-08-25
505,1,Clienti stabili a ritmo irregolare,2026-08-25
506,1,Clienti stabili a ritmo irregolare,2026-08-25
507,3,Clienti emergenti ad alta regolarita,2026-08-25
508,1,Clienti stabili a ritmo irregolare,2026-08-25
509,2,Clienti fedeli di alto valore,2026-08-25
510,1,Clienti stabili a ritmo irregolare,2026-08-25
511,3,Clienti emergenti ad alta regolarita,2026-08-25
512,3,Clienti emergenti ad alta regolarita,2026-08-25
513,1,Clienti stabili a ritmo irregolare,2026-08-25
514,2,Clienti fedeli di alto valore,2026-08-25
515,2,Clienti fedeli di alto valore,2026-08-25
516,2,Clienti fedeli di alto valore,2026-08-25
517,2,Clienti fedeli di alto valore,2026-08-25
518,3,Clienti emergenti ad alta regolarita,2026-08-25
519,1,Clienti stabili a ritmo irregolare,2026-08-25
520,1,Clienti stabili a ritmo irregolare,2026-08-25
521,1,Clienti stabili a ritmo irregolare,2026-08-25
522,3,Clienti emergenti ad alta regolarita,2026-08-25
523,2,Clienti fedeli di alto valore,2026-08-25
524,1,Clienti stabili a ritmo irregolare,2026-08-25
525,0,Nuovi clienti in attivazione,2026-08-25
526,3,Clienti emergenti ad alta regolarita,2026-08-25
527,1,Clienti stabili a ritmo irregolare,2026-08-25
528,1,Clienti stabili a ritmo irregolare,2026-08-25
529,3,Clienti emergenti ad alta regolarita,2026-08-25
530,2,Clienti fedeli di alto valore,2026-08-25
531,1,Clienti stabili a ritmo irregolare,2026-08-25
532,1,Clienti stabili a ritmo irregolare,2026-08-25
533,2,Clienti fedeli di alto valore,2026-08-25
534,3,Clienti emergenti ad alta regolarita,2026-08-25
535,0,Nuovi clienti in attivazione,2026-08-25
536,1,Clienti stabili a ritmo irregolare,2026-08-25
537,1,Clienti stabili a ritmo irregolare,2026-08-25
538,2,Clienti fedeli di alto valore,2026-08-25
539,1,Clienti stabili a ritmo irregolare,2026-08-25
540,1,Clienti stabili a ritmo irregolare,2026-08-25
541,2,Clienti fedeli di alto valore,2026-08-25
542,2,Clienti fedeli di alto valore,2026-08-25
543,2,Clienti fedeli di alto valore,2026-08-25
544,1,Clienti stabili a ritmo irregolare,2026-08-25
545,2,Clienti fedeli di alto valore,2026-08-25
546,0,Nuovi clienti in attivazione,2026-08-25
547,3,Clienti emergenti ad alta regolarita,2026-08-25
549,3,Clienti emergenti ad alta regolarita,2026-08-25
550,0,Nuovi clienti in attivazione,2026-08-25
551,2,Clienti fedeli di alto valore,2026-08-25
552,1,Clienti stabili a ritmo irregolare,2026-08-25
553,2,Clienti fedeli di alto valore,2026-08-25
554,1,Clienti stabili a ritmo irregolare,2026-08-25
555,1,Clienti stabili a ritmo irregolare,2026-08-25
556,0,Nuovi clienti in attivazione,2026-08-25
557,3,Clienti emergenti ad alta regolarita,2026-08-25
558,2,Clienti fedeli di alto valore,2026-08-25
559,3,Clienti emergenti ad alta regolarita,2026-08-25
560,2,Clienti fedeli di alto valore,2026-08-25
561,2,Clienti fedeli di alto valore,2026-08-25
562,2,Clienti fedeli di alto valore,2026-08-25
563,3,Clienti emergenti ad alta regolarita,2026-08-25
564,1,Clienti stabili a ritmo irregolare,2026-08-25
565,1,Clienti stabili a ritmo irregolare,2026-08-25
566,3,Clienti emergenti ad alta regolarita,2026-08-25
567,3,Clienti emergenti ad alta regolarita,2026-08-25
568,3,Clienti emergenti ad alta regolarita,2026-08-25
569,3,Clienti emergenti ad alta regolarita,2026-08-25
570,1,Clienti stabili a ritmo irregolare,2026-08-25
571,0,Nuovi clienti in attivazione,2026-08-25
572,1,Clienti stabili a ritmo irregolare,2026-08-25
573,1,Clienti stabili a ritmo irregolare,2026-08-25
574,2,Clienti fedeli di alto valore,2026-08-25
575,1,Clienti stabili a ritmo irregolare,2026-08-25
576,2,Clienti fedeli di alto valore,2026-08-25
577,1,Clienti stabili a ritmo irregolare,2026-08-25
578,0,Nuovi clienti in attivazione,2026-08-25
579,1,Clienti stabili a ritmo irregolare,2026-08-25
580,3,Clienti emergenti ad alta regolarita,2026-08-25
581,2,Clienti fedeli di alto valore,2026-08-25
582,2,Clienti fedeli di alto valore,2026-08-25
584,1,Clienti stabili a ritmo irregolare,2026-08-25
586,1,Clienti stabili a ritmo irregolare,2026-08-25
587,3,Clienti emergenti ad alta regolarita,2026-08-25
588,2,Clienti fedeli di alto valore,2026-08-25
589,1,Clienti stabili a ritmo irregolare,2026-08-25
590,3,Clienti emergenti ad alta regolarita,2026-08-25
591,3,Clienti emergenti ad alta regolarita,2026-08-25
592,1,Clienti stabili a ritmo irregolare,2026-08-25
593,3,Clienti emergenti ad alta regolarita,2026-08-25
594,2,Clienti fedeli di alto valore,2026-08-25
595,1,Clienti stabili a ritmo irregolare,2026-08-25
596,3,Clienti emergenti ad alta regolarita,2026-08-25
597,1,Clienti stabili a ritmo irregolare,2026-08-25
598,1,Clienti stabili a ritmo irregolare,2026-08-25
599,1,Clienti stabili a ritmo irregolare,2026-08-25
600,2,Clienti fedeli di alto valore,2026-08-25
