customer_key;nome_completo;eta;paese;sesso;tenure_giorni;recency_giorni;frequency;monetary;frequency_normalizzata;regolarita_acquisti;regolarita_non_calcolabile;aov;diversita_categorie;quota_ordini_scontati;numero_ordini_annullati;metodo_pagamento_prevalente
1;Megan Alexander;18;Regno Unito;Femmina;51;1;1;149,76;0.590000000000000000;21,95;1;149,76;2;0.000000;0;PayPal
3;Antonia Onio;19;Italia;Femmina;71;23;2;1248,29;0.850000000000000000;21,95;1;624,14;2;0.000000;2;PayPal
4;Nicole Hirschmann;67;Austria;Femmina;654;27;30;3575,36;1.380000000000000000;18,74;0;119,18;6;0.020000;5;Carta di credito
5;Atenulf Barracco;43;Italia;Maschio;403;18;9;2144,92;0.670000000000000000;41,38;0;238,32;5;0.000000;4;Contrassegno
6;陽子 斉藤;41;Giappone;Femmina;344;9;12;1100,26;1.050000000000000000;27,37;0;91,69;5;0.000000;1;Bonifico bancario
7;Claudia Fuseli;32;Italia;Femmina;821;3;30;3917,92;1.100000000000000000;28,29;0;130,6;6;0.020000;5;PayPal
8;Beatrice Vattimo;25;Italia;Femmina;246;10;6;1738,36;0.730000000000000000;27,23;0;289,73;4;0.000000;2;PayPal
9;Dolores Zichichi;27;Italia;Femmina;327;75;11;3340,51;1.010000000000000000;29,96;0;303,68;6;0.000000;2;Carta di credito
10;Jesus Adams;48;Stati Uniti;Maschio;608;67;25;6347,47;1.230000000000000000;24,93;0;253,9;6;0.000000;6;PayPal
11;京助 伊藤;38;Giappone;Maschio;416;5;29;4909,79;2.090000000000000000;18,48;0;169,3;6;0.070000;7;Bonifico bancario
12;Tabitha Willis;60;Australia;Femmina;1154;32;39;8378,37;1.010000000000000000;34,1;0;214,83;6;0.000000;9;PayPal
13;Gianluigi Sommaruga;42;Italia;Maschio;1194;4;63;14306,28;1.580000000000000000;26,79;0;227,08;6;0.010000;10;Bonifico bancario
14;Rosa Giacometti;54;Italia;Femmina;27;2;2;419,44;2.000000000000000000;21,95;1;209,72;2;0.000000;0;Contrassegno
15;Nikola Hoffmann;54;Austria;Maschio;464;5;19;4612,89;1.230000000000000000;34,26;0;242,78;6;0.060000;1;PayPal
16;Kian Van Noordeloos;18;Paesi Bassi;Maschio;15;11;1;285,86;1.000000000000000000;21,95;1;285,86;1;0.000000;0;Carta di credito
17;Eva Parmitano;18;Italia;Femmina;132;65;4;563,07;0.910000000000000000;17,62;0;140,77;4;0.000000;0;Carta di credito
18;David Paier;54;Austria;Maschio;1075;10;50;17143,84;1.400000000000000000;17,57;0;342,88;6;0.020000;12;Bonifico bancario
19;Klaus-michael Liebelt;35;Germania;Maschio;559;45;18;1477,12;0.970000000000000000;30,99;0;82,06;6;0.050000;6;Bonifico bancario
20;Michael Sims;38;Canada;Maschio;875;12;69;12097,04;2.370000000000000000;11,55;0;175,32;6;0.010000;12;Bonifico bancario
21;María Teresa Vicens;53;Spagna;Femmina;513;39;17;3100,95;0.990000000000000000;20,03;0;182,41;6;0.070000;4;Carta di credito
22;Thibault Leroy;37;Francia;Maschio;193;8;13;2211,59;2.020000000000000000;13,53;0;170,12;6;0.100000;2;PayPal
23;Roberta Ruggieri;28;Italia;Femmina;1041;25;57;10193,18;1.640000000000000000;17,07;0;178,83;6;0.030000;8;Bonifico bancario
24;Erika Gradenigo;37;Italia;Femmina;424;17;14;1911,9;0.990000000000000000;21,82;0;136,56;6;0.000000;2;Contrassegno
25;Leandro Da Mota;24;Brasile;Maschio;1065;0;115;24520,21;3.240000000000000000;9,76;0;213,22;6;0.020000;19;Bonifico bancario
26;Bartek Osipiuk;21;Polonia;Maschio;340;20;12;2110,56;1.060000000000000000;22,52;0;175,88;6;0.000000;2;PayPal
27;Elladio Filzi;43;Italia;Maschio;501;32;15;4748,23;0.900000000000000000;34,44;0;316,55;6;0.060000;2;Contrassegno
28;Michael Colon;22;Stati Uniti;Maschio;248;50;6;329,96;0.730000000000000000;34,47;0;54,99;6;0.000000;3;Bonifico bancario
29;Lauretta Lercari;46;Italia;Femmina;157;31;3;339,41;0.570000000000000000;19,8;0;113,14;4;0.000000;0;PayPal
30;Cipriano Aragonés;28;Spagna;Maschio;885;41;32;5805,36;1.080000000000000000;34,12;0;181,42;6;0.020000;10;Bonifico bancario
31;Tiziano Ovadia;43;Italia;Maschio;776;2;37;7030,5;1.430000000000000000;25,72;0;190,01;6;0.050000;3;Contrassegno
32;Sara Lopes;49;Portogallo;Femmina;508;37;16;2408,08;0.940000000000000000;36,78;0;150,5;6;0.120000;1;Bonifico bancario
33;Hannah Schiffer;18;Paesi Bassi;Femmina;80;2;7;345,14;2.630000000000000000;10,78;0;49,31;4;0.000000;0;Carta di credito
34;Terry Kirby;42;Regno Unito;Maschio;646;32;28;6711,76;1.300000000000000000;24,7;0;239,71;6;0.040000;6;Carta di credito
35;Dirk Lambrecht;43;Belgio;Maschio;318;16;9;1476,69;0.850000000000000000;26,63;0;164,08;6;0.000000;1;Bonifico bancario
36;Alina Bottaro;70;Italia;Femmina;592;58;17;6676,89;0.860000000000000000;36,45;0;392,76;5;0.040000;6;Bonifico bancario
37;Aurora Manolesso;39;Italia;Femmina;1277;8;66;12535,43;1.550000000000000000;19,32;0;189,93;6;0.040000;11;Carta di credito
38;Amir Reynders;25;Belgio;Maschio;450;19;11;4275,63;0.730000000000000000;47,42;0;388,69;6;0.000000;4;PayPal
39;Paloma Durante;46;Italia;Femmina;1152;6;57;10080,41;1.480000000000000000;20,27;0;176,85;6;0.010000;11;PayPal
40;Ubaldo Montessori;38;Italia;Maschio;102;26;3;221,6;0.880000000000000000;17,68;0;73,87;3;0.000000;0;PayPal
41;Carlo Pedersoli;35;Italia;Maschio;733;32;25;7148,92;1.020000000000000000;22,05;0;285,96;6;0.000000;6;Contrassegno
42;Arthur Marquez;31;Stati Uniti;Maschio;674;38;28;7067,24;1.250000000000000000;23,45;0;252,4;6;0.000000;3;PayPal
43;Mathias Jesus;21;Brasile;Maschio;1029;0;107;16786,94;3.120000000000000000;9,63;0;156,89;6;0.030000;26;Bonifico bancario
44;Pina Interminelli;22;Italia;Femmina;62;18;6;332,1;2.900000000000000000;5,45;0;55,35;4;0.130000;1;Contrassegno
45;Antonella Munari;18;Italia;Femmina;56;13;1;77,84;0.540000000000000000;21,95;1;77,84;1;0.000000;0;PayPal
46;Pier Camanni;40;Italia;Maschio;78;41;3;278,58;1.150000000000000000;5,66;0;92,86;3;0.000000;0;Contrassegno
47;Rafaela Caldeira;32;Brasile;Femmina;738;18;34;8570,63;1.380000000000000000;24,38;0;252,08;6;0.020000;3;Carta di credito
48;Luciana Turchi;37;Italia;Femmina;43;12;2;57,43;1.400000000000000000;21,95;1;28,71;2;0.000000;0;PayPal
49;Gust Mertens;26;Belgio;Maschio;521;35;25;5105,98;1.440000000000000000;16,31;0;204,24;6;0.050000;3;PayPal
50;Giuliana Falloppio;47;Italia;Femmina;461;12;16;7148,56;1.040000000000000000;23,32;0;446,79;6;0.000000;0;PayPal
51;Amleto Lettiere;50;Italia;Maschio;251;24;13;2799,41;1.550000000000000000;20,35;0;215,34;6;0.000000;3;Carta di credito
52;Martha Bodner;42;Austria;Femmina;330;2;24;11201,06;2.180000000000000000;11,24;0;466,71;6;0.000000;4;Carta di credito
53;Jessica Bowers;48;Australia;Femmina;174;12;10;1860,87;1.720000000000000000;13,66;0;186,09;4;0.000000;2;Bonifico bancario
54;Fredo Delle;53;Italia;Maschio;772;22;35;8413,33;1.360000000000000000;21,22;0;240,38;6;0.020000;7;Carta di credito
55;Valeria Scotti;57;Italia;Femmina;113;0;5;1289,08;1.330000000000000000;15,63;0;257,82;4;0.000000;0;Bonifico bancario
56;Roy Stoll;44;Germania;Maschio;974;8;52;10713,91;1.600000000000000000;15,95;0;206,04;6;0.040000;10;PayPal
57;Jason Claeys;41;Belgio;Maschio;196;10;12;3700,37;1.840000000000000000;13,4;0;308,36;5;0.000000;3;PayPal
58;Simonetta Mercadante;43;Italia;Femmina;446;3;16;5366,01;1.080000000000000000;18,56;0;335,38;5;0.000000;4;Carta di credito
59;Joerg Dippel;18;Germania;Maschio;14;6;1;11,12;1.000000000000000000;21,95;1;11,12;1;0.000000;0;Bonifico bancario
60;Zaira Pagliaro;26;Italia;Femmina;133;7;9;3497,55;2.030000000000000000;9,41;0;388,62;6;0.100000;2;Carta di credito
61;Édouard Lecomte;22;Francia;Maschio;108;2;3;561,91;0.830000000000000000;24,04;0;187,3;3;0.000000;3;PayPal
62;Kornel Zubel;29;Polonia;Maschio;1153;28;57;16099,12;1.480000000000000000;19,55;0;282,44;6;0.030000;13;PayPal
63;Goffredo Agostinelli;38;Italia;Maschio;1202;8;63;19800,38;1.570000000000000000;23,33;0;314,29;6;0.010000;5;Carta di credito
64;Pierluigi Giolitti;25;Italia;Maschio;218;31;9;1149,47;1.240000000000000000;16,99;0;127,72;5;0.000000;0;PayPal
65;Suzanne Thibault;47;Francia;Femmina;775;13;40;10177,74;1.550000000000000000;16,54;0;254,44;6;0.010000;6;Bonifico bancario
66;Romina Goldoni;34;Italia;Femmina;374;3;20;5648,82;1.600000000000000000;21,2;0;282,44;6;0.020000;1;Carta di credito
67;Giampaolo Travia;27;Italia;Maschio;1095;4;75;18285,61;2.050000000000000000;17,72;0;243,81;6;0.010000;8;Contrassegno
68;Marta Caetani;50;Italia;Femmina;218;11;9;1313,76;1.240000000000000000;11,03;0;145,97;4;0.000000;1;PayPal
69;Ugolino Leonardi;37;Italia;Maschio;1013;13;47;12429,33;1.390000000000000000;24,58;0;264,45;6;0.040000;7;Contrassegno
70;Elodia Castrillo;44;Spagna;Femmina;610;55;23;7318,73;1.130000000000000000;22,41;0;318,21;6;0.050000;5;PayPal
71;Nino Pizzetti;35;Italia;Maschio;268;6;10;1257,31;1.120000000000000000;16,79;0;125,73;6;0.050000;0;PayPal
72;Konstanze Mosemann;51;Germania;Femmina;397;13;17;2318,05;1.280000000000000000;31,22;0;136,36;6;0.060000;2;Carta di credito
73;Bas Van Damme;43;Belgio;Maschio;624;10;20;3762,03;0.960000000000000000;43,18;0;188,1;6;0.110000;4;Carta di credito
75;Luigi Chiappetta;22;Italia;Maschio;1145;46;53;19114,96;1.390000000000000000;25,05;0;360,66;6;0.010000;10;Bonifico bancario
76;Kenny Vinck;58;Belgio;Maschio;71;1;4;229,52;1.690000000000000000;20,78;0;57,38;3;0.000000;0;Bonifico bancario
77;David Lauwers;44;Belgio;Maschio;723;13;30;8119,67;1.240000000000000000;27,46;0;270,66;6;0.020000;5;Bonifico bancario
78;Barbara Scarfoglio;18;Italia;Femmina;65;46;1;22,91;0.460000000000000000;21,95;1;22,91;1;0.000000;0;PayPal
79;Ludovica Biagi;51;Italia;Femmina;765;25;35;11746,97;1.370000000000000000;21,46;0;335,63;6;0.020000;3;PayPal
80;Monica Gianinazzi;41;Italia;Femmina;978;35;48;6928,72;1.470000000000000000;18,93;0;144,35;6;0.030000;6;Bonifico bancario
81;Marina Esposito;42;Italia;Femmina;66;27;1;134,84;0.450000000000000000;21,95;1;134,84;1;0.000000;0;Bonifico bancario
82;Rosaria Zanzi;25;Italia;Femmina;1355;12;64;17790,62;1.420000000000000000;17,64;0;277,98;6;0.050000;6;Carta di credito
83;Jeremi Lemiesz;28;Polonia;Maschio;1157;19;61;8594,48;1.580000000000000000;19,87;0;140,89;6;0.040000;10;PayPal
84;Melissa Sousa;41;Brasile;Femmina;802;6;38;11998,94;1.420000000000000000;18,31;0;315,76;6;0.010000;2;PayPal
85;Angelica Baggio;44;Italia;Femmina;559;7;19;4188,92;1.020000000000000000;49,59;0;220,47;6;0.020000;1;Carta di credito
86;Cyprian Pusz;34;Polonia;Maschio;140;59;3;1340,89;0.640000000000000000;31,82;0;446,96;3;0.000000;0;Carta di credito
87;Concetta Rensi;23;Italia;Femmina;1279;26;48;7200,45;1.130000000000000000;37,92;0;150,01;6;0.010000;12;Bonifico bancario
88;Valeria Gabba;44;Italia;Femmina;976;10;53;12958,93;1.630000000000000000;19,43;0;244,51;6;0.020000;8;PayPal
89;Virginia Bryant;23;Stati Uniti;Femmina;296;13;15;2073,3;1.520000000000000000;14,15;0;138,22;6;0.000000;0;PayPal
90;Octavio Sosa;62;Spagna;Maschio;485;13;17;3978,88;1.050000000000000000;23,28;0;234,05;6;0.000000;1;PayPal
91;Georges Rey;32;Francia;Maschio;860;19;40;11938,64;1.400000000000000000;17,32;0;298,47;6;0.010000;6;Carta di credito
92;Teresa Sismondi;59;Italia;Femmina;689;4;30;9456,91;1.310000000000000000;23,78;0;315,23;6;0.000000;4;Bonifico bancario
93;Étienne Carlier;21;Francia;Maschio;1014;17;56;14236,2;1.660000000000000000;17,11;0;254,22;6;0.060000;7;Bonifico bancario
94;Aldo Lollobrigida;61;Italia;Maschio;238;4;11;1557,48;1.390000000000000000;23,37;0;141,59;6;0.000000;3;Contrassegno
95;David Williams;50;Australia;Maschio;480;5;22;3545,13;1.380000000000000000;20,02;0;161,14;6;0.030000;3;Bonifico bancario
96;Leonardo Palladio;28;Italia;Maschio;662;1;29;8529,45;1.310000000000000000;21,65;0;294,12;6;0.000000;2;Contrassegno
97;Lucie Schwaiger;28;Austria;Femmina;72;31;3;945,63;1.250000000000000000;10,61;0;315,21;2;0.000000;1;Bonifico bancario
98;Angelina Guarana;40;Italia;Femmina;542;3;54;15705,64;2.990000000000000000;9,18;0;290,85;6;0.050000;6;PayPal
99;Cesare Folliero;26;Italia;Maschio;910;14;42;5437,2;1.380000000000000000;24,41;0;129,46;6;0.030000;6;Contrassegno
100;Emmi Steinberg;32;Germania;Femmina;234;15;8;2547,96;1.030000000000000000;21,94;0;318,5;5;0.000000;1;PayPal
101;Sebastian Oberleitner;28;Austria;Maschio;703;3;41;16604,41;1.750000000000000000;16,08;0;404,99;6;0.000000;3;PayPal
102;Sandra Bompiani;56;Italia;Femmina;526;21;26;6803,96;1.480000000000000000;17,58;0;261,69;6;0.020000;7;Contrassegno
103;Amedeo Caracciolo;24;Italia;Maschio;1043;27;53;14541,27;1.520000000000000000;23,41;0;274,36;6;0.010000;10;PayPal
104;Federica Bignardi;35;Italia;Femmina;726;0;62;14004,48;2.560000000000000000;14,31;0;225,88;6;0.020000;13;Bonifico bancario
105;Fabian Wijland;58;Paesi Bassi;Maschio;1365;47;56;13923,68;1.230000000000000000;21,45;0;248,64;6;0.040000;9;Carta di credito
106;桃子 佐藤;18;Giappone;Femmina;92;14;2;64,45;0.650000000000000000;21,95;1;32,23;2;0.000000;0;PayPal
108;Mariano Schicchi;24;Italia;Maschio;1264;22;97;26548,5;2.300000000000000000;13,65;0;273,7;6;0.030000;21;Contrassegno
109;Ida Pinamonte;19;Italia;Femmina;330;36;10;1092,35;0.910000000000000000;25,41;0;109,23;6;0.000000;3;Carta di credito
110;Jamie Arnold;62;Stati Uniti;Femmina;710;35;33;7382,53;1.390000000000000000;22,05;0;223,71;6;0.020000;2;Carta di credito
111;智也 山口;63;Giappone;Maschio;1253;0;67;15921,46;1.600000000000000000;23,4;0;237,63;6;0.010000;7;Carta di credito
112;Rosa María Mateo;54;Spagna;Femmina;600;25;33;6866,02;1.650000000000000000;18,3;0;208,06;6;0.030000;2;PayPal
113;Merche Esteve;26;Spagna;Femmina;545;43;23;4838,31;1.270000000000000000;24,5;0;210,36;6;0.000000;2;Bonifico bancario
114;Lina Bombieri;22;Italia;Femmina;245;1;13;1774,59;1.590000000000000000;25,74;0;136,51;6;0.000000;2;Bonifico bancario
115;Bas Van Dessel;40;Belgio;Maschio;211;38;14;2393,6;1.990000000000000000;16,29;0;170,97;6;0.000000;2;Bonifico bancario
116;Rosaria Natta;22;Italia;Femmina;366;3;7;3595,22;0.570000000000000000;72,67;0;513,6;5;0.000000;2;PayPal
117;Inês Coelho;18;Portogallo;Femmina;190;30;9;2653,66;1.420000000000000000;17,78;0;294,85;5;0.000000;0;PayPal
118;Gianfrancesco Saragat;32;Italia;Maschio;298;8;9;1892,43;0.910000000000000000;28,77;0;210,27;5;0.060000;2;Bonifico bancario
119;Germana Trobbiani;42;Italia;Femmina;884;26;49;11611,28;1.660000000000000000;15,64;0;236,96;6;0.020000;5;Contrassegno
120;Ida Letta;33;Italia;Femmina;278;3;23;9735,32;2.480000000000000000;12,37;0;423,27;6;0.090000;6;Bonifico bancario
121;Encarna Puerta;37;Spagna;Femmina;806;4;37;7523,06;1.380000000000000000;21,87;0;203,33;6;0.010000;15;PayPal
122;Federica Endrizzi;52;Italia;Femmina;409;5;13;6080,71;0.950000000000000000;38,04;0;467,75;6;0.030000;1;Contrassegno
123;Gemma Ferragamo;55;Italia;Femmina;748;0;43;12217,8;1.720000000000000000;19,41;0;284,13;6;0.050000;7;Contrassegno
124;Oliwier Żelasko;34;Polonia;Maschio;836;17;44;13915,05;1.580000000000000000;21,33;0;316,25;6;0.010000;3;PayPal
125;Águeda Pintor;38;Spagna;Femmina;1029;28;52;9202,43;1.520000000000000000;18,87;0;176,97;6;0.010000;10;PayPal
126;Ivo Accardo;38;Italia;Maschio;806;10;46;15013,75;1.710000000000000000;21,03;0;326,39;6;0.000000;4;Bonifico bancario
127;Mariana Brambilla;41;Italia;Femmina;956;5;42;7160,73;1.320000000000000000;20,45;0;170,49;6;0.020000;9;Bonifico bancario
128;Ezio Marazzi;30;Italia;Maschio;428;39;19;2699,53;1.330000000000000000;21,54;0;142,08;6;0.020000;0;PayPal
129;Anita Zetticci;50;Italia;Femmina;453;30;18;2251,06;1.190000000000000000;30,5;0;125,06;5;0.030000;4;PayPal
130;Evelia Chacón;49;Spagna;Femmina;952;12;49;15547,24;1.540000000000000000;21,48;0;317,29;6;0.030000;4;Carta di credito
131;Alba Samper;30;Spagna;Femmina;1264;17;69;16803,8;1.640000000000000000;18,82;0;243,53;6;0.020000;9;Carta di credito
133;Luna Da Mota;53;Brasile;Femmina;1234;49;61;13100,89;1.480000000000000000;18,86;0;214,77;6;0.050000;9;Carta di credito
134;Justyna Cegła;36;Polonia;Femmina;143;10;5;2572,25;1.050000000000000000;33,51;0;514,45;4;0.000000;2;PayPal
135;Nathan Santner;48;Austria;Maschio;580;58;20;3566,29;1.030000000000000000;21,62;0;178,31;6;0.060000;1;Carta di credito
136;Nadia Lancisi;47;Italia;Femmina;436;63;19;2999,71;1.310000000000000000;16,45;0;157,88;6;0.030000;4;PayPal
137;くみ子 前田;43;Giappone;Femmina;1106;15;66;11596,62;1.790000000000000000;23,33;0;175,71;6;0.040000;7;Carta di credito
138;Pénélope Bigot;40;Francia;Femmina;459;26;18;5566,94;1.180000000000000000;21,48;0;309,27;6;0.030000;2;Bonifico bancario
139;Gianluca Bianchi;37;Italia;Maschio;553;13;17;7267,8;0.920000000000000000;31,13;0;427,52;6;0.030000;4;Carta di credito
140;Jonas Gnatz;48;Germania;Maschio;513;10;15;2840,84;0.880000000000000000;45,57;0;189,39;6;0.000000;3;Carta di credito
141;Kathryn Thompson;31;Canada;Femmina;87;28;3;2406,99;1.030000000000000000;0,71;0;802,33;3;0.000000;2;Carta di credito
142;Romana Bonatti;51;Italia;Femmina;1123;11;58;11880,04;1.550000000000000000;24,27;0;204,83;6;0.010000;5;Contrassegno
143;Tiziana Vigliotti;58;Italia;Femmina;48;45;1;129,57;0.630000000000000000;21,95;1;129,57;3;0.000000;0;Carta di credito
144;Samuel Van Dommelen;29;Paesi Bassi;Maschio;567;1;18;7103,41;0.950000000000000000;30,09;0;394,63;6;0.030000;2;Carta di credito
145;Grete Trubin;18;Germania;Femmina;25;2;2;1457,6;2.000000000000000000;21,95;1;728,8;4;0.000000;0;Carta di credito
146;Ruggero Romagnoli;48;Italia;Maschio;703;5;67;17343,94;2.860000000000000000;10,62;0;258,86;6;0.020000;7;PayPal
147;Melina Miniati;45;Italia;Femmina;879;32;53;14061,18;1.810000000000000000;13,02;0;265,31;6;0.030000;5;Carta di credito
148;Jenna Sharp;42;Stati Uniti;Femmina;962;41;51;11867,92;1.590000000000000000;18,22;0;232,7;6;0.020000;8;Carta di credito
149;Tabea Geisler;46;Germania;Femmina;297;21;3;406,39;0.300000000000000000;24,04;0;135,46;3;0.330000;2;PayPal
150;Apolonia Piotrkowicz;37;Polonia;Femmina;1068;44;55;12304,03;1.540000000000000000;16,77;0;223,71;6;0.030000;8;Bonifico bancario
151;Lidia Boba;52;Polonia;Femmina;990;14;54;11381,28;1.640000000000000000;26,18;0;210,76;6;0.020000;4;Bonifico bancario
152;Frida Kühnert;30;Germania;Femmina;653;19;16;6591,61;0.740000000000000000;30,13;0;411,98;6;0.030000;2;Bonifico bancario
154;Costantino Marangoni;44;Italia;Maschio;150;25;8;1239,6;1.600000000000000000;7,02;0;154,95;6;0.000000;1;PayPal
155;Leonard Wiedner;40;Austria;Maschio;619;35;22;6117,49;1.070000000000000000;26,39;0;278,07;6;0.040000;4;Carta di credito
156;Lorenzo Paolini;41;Italia;Maschio;167;48;7;710,08;1.260000000000000000;21,42;0;101,44;5;0.000000;1;PayPal
157;Elvira Maccanelli;42;Italia;Femmina;661;31;23;2874,66;1.040000000000000000;26,05;0;124,99;6;0.020000;4;Contrassegno
158;Martino Travaglia;44;Italia;Maschio;1070;8;104;18381,29;2.920000000000000000;11,45;0;176,74;6;0.030000;16;PayPal
159;稔 井上;28;Giappone;Maschio;1288;15;75;18131,96;1.750000000000000000;14,96;0;241,76;6;0.040000;11;Bonifico bancario
160;Gianna Vidoni;31;Italia;Femmina;1299;7;66;13128,41;1.520000000000000000;17,04;0;198,92;6;0.020000;6;PayPal
161;Ronya Haller;34;Austria;Femmina;898;11;84;21306,25;2.810000000000000000;9,31;0;253,65;6;0.020000;19;PayPal
162;Calogero Giannini;24;Italia;Maschio;543;9;27;5347,88;1.490000000000000000;24,18;0;198,07;6;0.060000;2;Contrassegno
163;Annibale Donarelli;47;Italia;Maschio;548;10;20;2842,19;1.090000000000000000;23,16;0;142,11;6;0.060000;4;Carta di credito
164;Serafina Carnera;34;Italia;Femmina;734;2;37;11234,59;1.510000000000000000;23,14;0;303,64;6;0.010000;7;PayPal
165;Allen Pierce;24;Stati Uniti;Maschio;592;14;19;6853,51;0.960000000000000000;35,48;0;360,71;6;0.020000;6;Carta di credito
166;Elvira Mercati;36;Italia;Femmina;326;1;19;3022,77;1.750000000000000000;15,24;0;159,09;6;0.050000;0;PayPal
167;Annemijn Van Cuijck;42;Paesi Bassi;Femmina;162;7;6;503,86;1.110000000000000000;19,86;0;83,98;5;0.000000;0;Bonifico bancario
168;Fenna Wensen;51;Paesi Bassi;Femmina;183;18;3;520,31;0.490000000000000000;62,93;0;173,44;4;0.000000;1;Bonifico bancario
169;Romina Alboni;31;Italia;Femmina;462;1;21;6689,11;1.360000000000000000;16,61;0;318,53;6;0.000000;2;Contrassegno
170;Maryam Heijmen;50;Paesi Bassi;Femmina;702;34;31;5646,48;1.320000000000000000;23,63;0;182,14;6;0.020000;5;Carta di credito
171;Brian Evans;28;Regno Unito;Maschio;276;6;7;2431,25;0.760000000000000000;23,1;0;347,32;5;0.000000;0;Carta di credito
172;Dion Blom;38;Paesi Bassi;Maschio;571;4;28;6660,84;1.470000000000000000;18,6;0;237,89;6;0.020000;4;Carta di credito
173;Jeannine Dupuy;18;Francia;Femmina;45;10;5;811,32;3.330000000000000000;2,22;0;162,26;5;0.080000;0;Bonifico bancario
174;Dorothee Grein Groth;41;Germania;Femmina;491;1;13;6110,48;0.790000000000000000;29,03;0;470,04;5;0.030000;2;PayPal
175;André Pereira;37;Brasile;Maschio;352;16;10;3368,35;0.850000000000000000;26,04;0;336,84;5;0.000000;0;PayPal
176;Pablo Dalmau;50;Spagna;Maschio;429;32;22;3628,12;1.540000000000000000;21,78;0;164,91;6;0.020000;3;Carta di credito
177;Alina Pozzecco;48;Italia;Femmina;238;2;9;1842,08;1.130000000000000000;9,86;0;204,68;6;0.000000;2;PayPal
178;Vittorio Cimini;29;Italia;Maschio;271;0;12;2028,38;1.330000000000000000;15,06;0;169,03;5;0.000000;1;Contrassegno
179;Sonia Jockel;51;Germania;Femmina;1205;9;62;15024,56;1.540000000000000000;17,66;0;242,33;6;0.020000;12;PayPal
180;Rudy Mahieu;35;Belgio;Maschio;1107;1;55;14949;1.490000000000000000;20,8;0;271,8;6;0.010000;6;Bonifico bancario
181;Jamie Kucera;46;Austria;Maschio;599;8;18;4957,67;0.900000000000000000;35,22;0;275,43;5;0.040000;6;Bonifico bancario
182;Martina Henk;36;Germania;Femmina;162;5;3;495,41;0.560000000000000000;6,36;0;165,14;3;0.000000;1;PayPal
183;Benito Cibin;24;Italia;Maschio;911;7;57;9512,02;1.880000000000000000;14,36;0;166,88;6;0.060000;8;Carta di credito
184;Maricruz Cantón;37;Spagna;Femmina;642;2;53;9045,63;2.480000000000000000;10,93;0;170,67;6;0.000000;19;Bonifico bancario
185;Justyna Malisz;53;Polonia;Femmina;546;8;23;7403,55;1.260000000000000000;18,15;0;321,89;6;0.020000;2;Bonifico bancario
186;Cristina Abba;23;Italia;Femmina;1076;1;66;10019,93;1.840000000000000000;14,41;0;151,82;6;0.020000;10;Contrassegno
187;Licia Comeriato;53;Italia;Femmina;405;42;17;4951,42;1.260000000000000000;18,26;0;291,26;6;0.120000;2;Carta di credito
188;香織 青木;38;Giappone;Femmina;791;9;42;6598,29;1.590000000000000000;18,88;0;157,1;6;0.030000;6;Carta di credito
189;Malwina Tonder;40;Polonia;Femmina;759;16;37;8032,31;1.460000000000000000;18,36;0;217,09;6;0.060000;5;Bonifico bancario
190;Nick Wouters;27;Belgio;Maschio;975;8;54;12574,59;1.660000000000000000;27,2;0;232,86;6;0.030000;10;Bonifico bancario
191;Roksana Jarmużek;38;Polonia;Femmina;439;33;38;6638,26;2.600000000000000000;9,4;0;174,69;6;0.070000;9;Bonifico bancario
192;Tatiana Sagredo;47;Italia;Femmina;1079;6;55;9082,15;1.530000000000000000;18,75;0;165,13;6;0.030000;8;Contrassegno
193;Telemaco Baglioni;33;Italia;Maschio;1021;47;57;14045,31;1.670000000000000000;21,85;0;246,41;6;0.020000;8;Contrassegno
194;Ben De Neve;59;Belgio;Maschio;725;3;33;9965,58;1.370000000000000000;17,36;0;301,99;6;0.000000;6;Carta di credito
195;Liana Bazzi;27;Italia;Femmina;1047;6;54;13645,78;1.550000000000000000;22,15;0;252,7;6;0.020000;12;Carta di credito
196;Liliana Sauro;27;Italia;Femmina;77;58;2;523;0.780000000000000000;21,95;1;261,5;3;0.000000;3;Contrassegno
197;Pasqual Versace;28;Italia;Maschio;253;2;9;1745,12;1.070000000000000000;24,49;0;193,9;6;0.000000;1;Bonifico bancario
198;Claudia Taccola;38;Italia;Femmina;638;1;27;6140,83;1.270000000000000000;19,21;0;227,44;6;0.020000;4;PayPal
199;Seppe Goovaerts;43;Belgio;Maschio;338;18;11;2234,74;0.980000000000000000;22,75;0;203,16;6;0.000000;1;Carta di credito
200;Jorge Menéndez;46;Spagna;Maschio;213;27;7;1328,75;0.990000000000000000;25,48;0;189,82;5;0.000000;2;Bonifico bancario
201;Aimé Leleu;40;Francia;Maschio;715;39;33;9632,44;1.380000000000000000;21,04;0;291,89;6;0.060000;5;Bonifico bancario
202;Desiderio Andrade;26;Spagna;Maschio;838;62;37;12606,45;1.320000000000000000;23,56;0;340,71;6;0.040000;5;Carta di credito
203;Lazzaro Bettin;50;Italia;Maschio;1278;41;46;12061,33;1.080000000000000000;23,47;0;262,2;6;0.030000;8;PayPal
204;Luisa Canil;24;Italia;Femmina;85;48;2;41,18;0.710000000000000000;21,95;1;20,59;2;0.000000;0;PayPal
205;Patrizia Paganini;18;Italia;Femmina;100;0;5;2757,7;1.500000000000000000;8,7;0;551,54;4;0.100000;0;Bonifico bancario
206;Marcel Vercammen;27;Belgio;Maschio;32;3;3;479,69;2.810000000000000000;2,12;0;159,9;4;0.000000;0;Carta di credito
207;Oreste Sauro;49;Italia;Maschio;1103;6;52;10485,87;1.410000000000000000;29,59;0;201,65;6;0.000000;14;Carta di credito
208;Justin Mosley;44;Canada;Maschio;232;20;8;397,42;1.030000000000000000;29,68;0;49,68;5;0.000000;1;Bonifico bancario
209;Franco Parmitano;18;Italia;Maschio;49;3;3;444,71;1.840000000000000000;20,51;0;148,24;3;0.000000;1;Carta di credito
210;Eleanora Botticelli;56;Italia;Femmina;1043;18;62;16246,47;1.780000000000000000;20,13;0;262,04;6;0.010000;7;Bonifico bancario
211;Marcel Pietrek;26;Polonia;Maschio;512;36;23;2436,34;1.350000000000000000;22,44;0;105,93;6;0.000000;4;Carta di credito
212;Ennio Surian;29;Italia;Maschio;668;45;28;2902,14;1.260000000000000000;24,17;0;103,65;6;0.040000;4;Carta di credito
213;Emilia Rubio;29;Spagna;Femmina;730;43;31;5423,14;1.270000000000000000;25,51;0;174,94;6;0.030000;5;PayPal
214;Britt Ring;29;Germania;Femmina;455;20;20;8367,39;1.320000000000000000;22,61;0;418,37;6;0.020000;2;Bonifico bancario
215;Romana Armani;48;Italia;Femmina;930;39;39;8715,35;1.260000000000000000;21,66;0;223,47;6;0.070000;8;Carta di credito
216;Roksana Folga;26;Polonia;Femmina;953;22;55;14131,93;1.730000000000000000;17,4;0;256,94;6;0.050000;7;PayPal
217;Gianluigi Baglioni;54;Italia;Maschio;1015;3;51;11842,98;1.510000000000000000;23,2;0;232,22;6;0.030000;8;PayPal
218;Tina Beccheria;42;Italia;Femmina;132;4;6;727,74;1.360000000000000000;19,27;0;121,29;5;0.000000;2;Contrassegno
219;Loretta Sismondi;22;Italia;Femmina;438;2;36;9066,97;2.470000000000000000;11,45;0;251,86;6;0.060000;7;PayPal
220;Gelsomina Benedetti;24;Italia;Femmina;505;34;17;4449,69;1.010000000000000000;31,92;0;261,75;6;0.000000;4;PayPal
221;Ennio Notarbartolo;44;Italia;Maschio;154;33;6;2720,43;1.170000000000000000;18,69;0;453,4;6;0.050000;0;Carta di credito
222;陽一 木村;33;Giappone;Maschio;452;60;17;5221,23;1.130000000000000000;19,8;0;307,13;5;0.030000;7;Bonifico bancario
223;Ivan Gerrits;38;Paesi Bassi;Maschio;928;35;41;6200,89;1.330000000000000000;24,39;0;151,24;6;0.060000;10;Carta di credito
225;Emma Moore;40;Regno Unito;Femmina;318;22;11;3130,79;1.040000000000000000;28,44;0;284,62;6;0.040000;0;PayPal
226;Kenneth Cline;36;Canada;Maschio;1028;13;58;15243,24;1.690000000000000000;17,8;0;262,81;6;0.040000;7;Carta di credito
227;Kaja Grabias;26;Polonia;Femmina;826;17;43;12932,66;1.560000000000000000;25,65;0;300,76;6;0.030000;8;Carta di credito
228;Nicolas Moosbrugger;53;Austria;Maschio;1329;34;64;17160,07;1.440000000000000000;17,58;0;268,13;6;0.030000;10;Carta di credito
229;Ewelina Pezda;30;Polonia;Femmina;400;15;16;3833,08;1.200000000000000000;27,23;0;239,57;6;0.060000;3;Carta di credito
230;Maurice Frühwirth;43;Austria;Maschio;1309;10;58;12356,46;1.330000000000000000;20,63;0;213,04;6;0.010000;9;Carta di credito
231;Claudia Ricciardi;41;Italia;Femmina;200;18;9;2004,82;1.350000000000000000;19,9;0;222,76;6;0.080000;1;Carta di credito
232;Letizia Ginese;29;Italia;Femmina;307;11;13;3651,51;1.270000000000000000;19,17;0;280,89;6;0.040000;1;PayPal
233;Rachel Williams;34;Australia;Femmina;870;50;33;8494,81;1.140000000000000000;25,59;0;257,42;6;0.030000;7;Bonifico bancario
234;Ansaldo Rinaldi;46;Italia;Maschio;617;37;32;12113,15;1.560000000000000000;16,89;0;378,54;6;0.070000;4;Contrassegno
235;Marisa Migliaccio;27;Italia;Femmina;643;12;35;7364,6;1.630000000000000000;22,86;0;210,42;6;0.030000;4;Carta di credito
236;Niccolò Bellò;35;Italia;Maschio;874;49;40;7601,79;1.370000000000000000;20;0;190,04;6;0.000000;7;Contrassegno
237;Adelasia Ferrari;34;Italia;Femmina;367;9;12;1950,4;0.980000000000000000;30,35;0;162,53;6;0.000000;2;Carta di credito
238;Rembrandt Brancaccio;46;Italia;Maschio;508;1;26;5758,67;1.540000000000000000;25,55;0;221,49;6;0.020000;3;Bonifico bancario
239;Maria De Meyer;33;Belgio;Femmina;127;0;5;1396,07;1.180000000000000000;14,65;0;279,21;5;0.000000;0;Bonifico bancario
240;Élisabeth Morel;33;Francia;Femmina;398;33;16;4924,82;1.210000000000000000;17,98;0;307,8;6;0.030000;2;PayPal
241;Umberto Giacometti;32;Italia;Maschio;251;13;8;2194,89;0.960000000000000000;33,14;0;274,36;5;0.000000;2;Carta di credito
242;Hubert Ciuruś;42;Polonia;Maschio;683;0;44;11057,73;1.930000000000000000;18,8;0;251,31;6;0.010000;3;Carta di credito
243;Giulia Tognazzi;50;Italia;Femmina;77;34;2;216,73;0.780000000000000000;21,95;1;108,37;3;0.000000;1;Bonifico bancario
245;Teresa Valmarana;35;Italia;Femmina;94;3;4;270,05;1.280000000000000000;16,26;0;67,51;5;0.000000;0;Carta di credito
246;Angel Bishop;45;Canada;Femmina;182;46;8;1414,06;1.320000000000000000;23,66;0;176,76;6;0.000000;0;Carta di credito
247;陽一 中島;47;Giappone;Maschio;642;10;31;4543,68;1.450000000000000000;30,18;0;146,57;6;0.020000;9;PayPal
248;Henning Wulf;41;Germania;Maschio;448;38;19;5997,67;1.270000000000000000;23,86;0;315,67;6;0.000000;3;Carta di credito
249;Ravy Borges;37;Brasile;Maschio;1126;17;52;11347,45;1.390000000000000000;22,17;0;218,22;6;0.010000;10;Bonifico bancario
250;Savannah Smith;29;Stati Uniti;Femmina;239;26;10;2398,05;1.260000000000000000;29,47;0;239,8;5;0.000000;0;Bonifico bancario
251;Fiorenzo Fieramosca;34;Italia;Maschio;577;41;33;4116,34;1.720000000000000000;16,46;0;124,74;6;0.000000;5;Contrassegno
252;Tomás Llamas;42;Spagna;Maschio;455;19;14;1856,01;0.920000000000000000;24,5;0;132,57;6;0.040000;2;Bonifico bancario
253;Lolita Polesel;33;Italia;Femmina;477;1;23;5903,27;1.450000000000000000;22,29;0;256,66;6;0.000000;4;Contrassegno
254;Lia Neves;25;Portogallo;Femmina;1217;60;50;20525,68;1.230000000000000000;26,77;0;410,51;6;0.000000;12;PayPal
255;Jean-marie Lenaerts;18;Belgio;Maschio;40;0;5;392,52;3.750000000000000000;1,91;0;78,5;4;0.200000;0;Carta di credito
256;修平 吉田;24;Giappone;Maschio;671;58;23;6180,05;1.030000000000000000;24,1;0;268,7;6;0.000000;4;Bonifico bancario
257;Niccolò Giunti;47;Italia;Maschio;344;8;8;599,96;0.700000000000000000;38,92;0;75;3;0.130000;3;Contrassegno
258;Anne Brennan;49;Regno Unito;Femmina;917;11;55;12385,32;1.800000000000000000;16,42;0;225,19;6;0.050000;5;Bonifico bancario
259;Pierpaolo Baglioni;39;Italia;Maschio;541;6;43;17070,52;2.380000000000000000;12,14;0;396,99;6;0.030000;12;PayPal
260;Livia Rosmini;49;Italia;Femmina;1290;24;52;10741,72;1.210000000000000000;24,18;0;206,57;6;0.020000;8;PayPal
261;篤司 渡辺;52;Giappone;Maschio;156;34;5;576,08;0.960000000000000000;13,5;0;115,22;5;0.000000;0;Carta di credito
262;Jennifer Lewis;22;Australia;Femmina;1009;15;54;14692,91;1.610000000000000000;18,9;0;272,09;6;0.030000;10;PayPal
263;Natascha Schmid;43;Austria;Femmina;1170;11;80;23699,32;2.050000000000000000;13,16;0;296,24;6;0.030000;6;PayPal
264;Filippa Santoro;68;Italia;Femmina;368;25;19;2534,24;1.550000000000000000;20,92;0;133,38;6;0.040000;3;Bonifico bancario
265;Graziano Polani;56;Italia;Maschio;436;40;16;1426,41;1.100000000000000000;36,19;0;89,15;5;0.000000;4;PayPal
266;Ninetta Pausini;55;Italia;Femmina;598;27;32;6849,21;1.610000000000000000;22,67;0;214,04;6;0.000000;2;PayPal
267;Wolfhard Wohlgemut;47;Germania;Maschio;241;1;8;1185,29;1.000000000000000000;27,81;0;148,16;4;0.000000;0;Carta di credito
268;Gianpaolo Doria;36;Italia;Maschio;1196;30;54;12532,94;1.350000000000000000;17,73;0;232,09;6;0.010000;10;Contrassegno
269;Emma Humer;64;Austria;Femmina;1121;16;52;17519,86;1.390000000000000000;23,62;0;336,92;6;0.040000;8;Carta di credito
271;Daniel Bouwhuisen;18;Paesi Bassi;Maschio;14;10;1;71,37;1.000000000000000000;21,95;1;71,37;1;0.330000;0;PayPal
272;Alessandra Morricone;28;Italia;Femmina;323;14;11;2224,12;1.020000000000000000;27,41;0;202,19;6;0.000000;2;Carta di credito
273;Perla Pou;32;Spagna;Femmina;1016;45;60;15319,43;1.770000000000000000;16,25;0;255,32;6;0.000000;10;Bonifico bancario
274;Ricciotti Babato;42;Italia;Maschio;948;75;42;13785,66;1.330000000000000000;19,72;0;328,23;6;0.020000;7;Carta di credito
275;Mauro Foletti;18;Italia;Maschio;31;10;3;1563,96;2.900000000000000000;8,49;0;521,32;2;0.000000;0;PayPal
276;Caterina Marenzio;47;Italia;Femmina;922;8;42;6601,76;1.370000000000000000;21,25;0;157,18;6;0.050000;7;Bonifico bancario
277;Marion Porter;41;Regno Unito;Femmina;85;21;3;138,14;1.060000000000000000;13,44;0;46,05;3;0.250000;0;Bonifico bancario
278;Germana Pedroni;43;Italia;Femmina;189;45;5;520,6;0.790000000000000000;34,51;0;104,12;3;0.000000;2;Carta di credito
279;Liv Van Henegouwen;35;Paesi Bassi;Femmina;927;0;48;5343,64;1.550000000000000000;15,87;0;111,33;6;0.040000;5;PayPal
280;Simonetta Michelangeli;47;Italia;Femmina;926;2;48;10629,91;1.560000000000000000;25,12;0;221,46;6;0.010000;6;PayPal
281;Isabella Reising;27;Germania;Femmina;204;21;7;728,63;1.030000000000000000;19,32;0;104,09;5;0.000000;0;Carta di credito
282;Umberto Pozzecco;28;Italia;Maschio;826;146;29;3856,33;1.050000000000000000;34,48;0;132,98;6;0.000000;2;PayPal
283;Romolo Rizzo;18;Italia;Maschio;54;39;3;561;1.670000000000000000;6,36;0;187;3;0.000000;1;PayPal
284;Matthew Conner;48;Stati Uniti;Maschio;477;4;19;3880,36;1.190000000000000000;31,88;0;204,23;6;0.000000;4;Carta di credito
285;Klara Hölzenbecher;28;Germania;Femmina;391;1;19;1009,21;1.460000000000000000;19,64;0;53,12;5;0.030000;2;Bonifico bancario
286;Maria Gaiatto;34;Italia;Femmina;196;2;8;2682,88;1.220000000000000000;19,64;0;335,36;5;0.000000;4;PayPal
287;Yolanda Marien;22;Belgio;Femmina;504;8;21;4430,45;1.250000000000000000;22,18;0;210,97;6;0.060000;5;Carta di credito
288;Erika Marsili;32;Italia;Femmina;638;20;26;7832,54;1.220000000000000000;21,47;0;301,25;6;0.040000;6;PayPal
289;Wenke Kaul;30;Germania;Femmina;710;1;27;3338,98;1.140000000000000000;26,53;0;123,67;6;0.020000;3;Carta di credito
290;Eliana Cardano;59;Italia;Femmina;576;56;25;3127,88;1.300000000000000000;24,85;0;125,12;6;0.040000;6;PayPal
291;Liam Da Rosa;49;Brasile;Maschio;623;6;21;7816,53;1.010000000000000000;32,93;0;372,22;6;0.000000;8;Bonifico bancario
293;Lars Riegler;43;Austria;Maschio;379;12;10;2656,68;0.790000000000000000;44,3;0;265,67;4;0.060000;1;Carta di credito
294;Raffaello Rensi;41;Italia;Maschio;217;0;11;2102,31;1.520000000000000000;17,81;0;191,12;5;0.050000;1;Carta di credito
295;Diana Collins;18;Australia;Femmina;15;9;1;11,07;1.000000000000000000;21,95;1;11,07;1;0.000000;0;PayPal
296;Eleanora Tomasetti;39;Italia;Femmina;456;1;16;2754,07;1.050000000000000000;29,36;0;172,13;6;0.000000;5;Carta di credito
297;Ellie Bollen;44;Belgio;Femmina;75;45;3;143,37;1.200000000000000000;1,41;0;47,79;2;0.000000;1;Carta di credito
298;Ferdinando Chinnici;26;Italia;Maschio;880;2;46;11614,72;1.570000000000000000;17,96;0;252,49;6;0.020000;3;PayPal
299;Fabrizio Michelangeli;30;Italia;Maschio;715;27;27;4341,61;1.130000000000000000;25,12;0;160,8;6;0.000000;4;Contrassegno
300;Lucrezia Tasso;27;Italia;Femmina;575;1;31;5786,49;1.620000000000000000;18,31;0;186,66;6;0.000000;5;Carta di credito
301;Monique Faure;57;Francia;Femmina;862;4;37;11584,71;1.290000000000000000;19,14;0;313,1;6;0.000000;11;Carta di credito
302;Alessia Marangoni;53;Italia;Femmina;718;26;38;7220,33;1.590000000000000000;20,91;0;190,01;6;0.040000;6;Bonifico bancario
303;Danilo Cesarotti;24;Italia;Maschio;599;16;31;8247,3;1.550000000000000000;14,48;0;266,04;6;0.020000;3;Carta di credito
304;Elias Steinmeiern;48;Paesi Bassi;Maschio;426;32;18;5360,31;1.270000000000000000;21,96;0;297,8;6;0.050000;3;Bonifico bancario
305;Willy Buysse;45;Belgio;Maschio;1259;6;42;8672,92;1.000000000000000000;30,84;0;206,5;6;0.010000;4;PayPal
306;Caterina Gabbana;43;Italia;Femmina;431;7;15;3715,11;1.040000000000000000;26,15;0;247,67;6;0.060000;3;PayPal
307;Ángel Uriarte;41;Spagna;Maschio;638;19;40;11366,3;1.880000000000000000;12,65;0;284,16;6;0.020000;5;Carta di credito
308;Aniela Fronczek;44;Polonia;Femmina;273;12;10;2684,12;1.100000000000000000;39,74;0;268,41;6;0.000000;2;Bonifico bancario
309;Dionigi Ughi;23;Italia;Maschio;647;14;30;6171,15;1.390000000000000000;36;0;205,71;6;0.020000;2;PayPal
310;James Peterson;40;Stati Uniti;Maschio;1406;19;114;31709,74;2.430000000000000000;10,36;0;278,16;6;0.020000;18;PayPal
311;Valeria Serraglio;46;Italia;Femmina;1186;2;54;12634,66;1.370000000000000000;26,23;0;233,98;6;0.010000;9;Carta di credito
312;Hannah Snyder;29;Canada;Femmina;214;12;12;2895,89;1.680000000000000000;14,26;0;241,32;6;0.080000;1;Carta di credito
313;Maurizio Agnesi;26;Italia;Maschio;182;7;6;257,55;0.990000000000000000;8,5;0;42,93;5;0.140000;0;Contrassegno
314;Javier Carpenter;47;Canada;Maschio;768;35;27;7024,2;1.050000000000000000;28,25;0;260,16;6;0.050000;5;PayPal
315;Federica Botticelli;30;Italia;Femmina;1113;1;60;17656,57;1.620000000000000000;18,95;0;294,28;6;0.020000;10;PayPal
316;Valentina Totino;33;Italia;Femmina;330;9;20;2784,57;1.820000000000000000;23,13;0;139,23;6;0.070000;1;Contrassegno
317;Rosario Travia;36;Italia;Maschio;393;9;38;9563,63;2.900000000000000000;8,72;0;251,67;6;0.030000;6;Carta di credito
318;Valerio Telesio;30;Italia;Maschio;824;7;43;8418,36;1.570000000000000000;15,52;0;195,78;6;0.090000;7;PayPal
319;Rosario Parmitano;43;Italia;Maschio;197;10;11;2531,98;1.680000000000000000;16,98;0;230,18;6;0.000000;0;Bonifico bancario
320;Germana Abba;42;Italia;Femmina;240;15;15;1748,62;1.880000000000000000;12,7;0;116,57;6;0.050000;3;PayPal
321;Alessandra Ferretti;29;Italia;Femmina;1052;23;53;14544,7;1.510000000000000000;18,75;0;274,43;6;0.010000;9;Bonifico bancario
322;José Sá;52;Portogallo;Maschio;634;31;23;3629,34;1.090000000000000000;29,42;0;157,8;6;0.040000;4;PayPal
323;Joannes De Sutter;40;Belgio;Maschio;268;44;4;128,21;0.450000000000000000;8,33;0;32,05;4;0.000000;2;Bonifico bancario
324;Gianluca Tamburello;33;Italia;Maschio;27;5;2;1908,33;2.000000000000000000;21,95;1;954,16;1;0.000000;0;Contrassegno
325;Ilaria Casini;25;Italia;Femmina;187;7;8;2085,15;1.280000000000000000;19,88;0;260,64;4;0.000000;2;PayPal
326;Chiara Morabito;46;Italia;Femmina;655;18;26;3138,69;1.190000000000000000;24,94;0;120,72;6;0.050000;5;Carta di credito
327;Maurice Gaillard;33;Francia;Maschio;512;7;20;8017,68;1.170000000000000000;33,1;0;400,88;6;0.020000;4;Bonifico bancario
328;Delfino Traetta;24;Italia;Maschio;766;32;34;11025,59;1.330000000000000000;23,88;0;324,28;6;0.030000;4;Carta di credito
329;Gabrielle Lebrun;35;Francia;Femmina;72;10;3;3370,74;1.250000000000000000;6,36;0;1123,58;4;0.140000;1;PayPal
330;Nora Riener;35;Austria;Femmina;714;3;36;3712,44;1.510000000000000000;19,97;0;103,12;6;0.030000;5;PayPal
331;Oskar Cieciura;19;Polonia;Maschio;279;34;12;2241,53;1.290000000000000000;12,74;0;186,79;6;0.000000;0;Bonifico bancario
332;Antonius Bartl;56;Austria;Maschio;93;42;4;143,2;1.290000000000000000;9,54;0;35,8;2;0.000000;0;Bonifico bancario
333;Willy Verlinden;53;Belgio;Maschio;280;24;10;1439,87;1.070000000000000000;34,19;0;143,99;5;0.000000;1;PayPal
334;Maria Thys;34;Belgio;Femmina;606;29;64;11297,33;3.170000000000000000;9,26;0;176,52;6;0.030000;4;PayPal
335;Ricciotti Fattori;68;Italia;Maschio;801;48;41;11210,98;1.540000000000000000;19,72;0;273,44;6;0.040000;11;Contrassegno
336;Fabia Anastasi;31;Italia;Femmina;342;9;16;3639,94;1.400000000000000000;21,01;0;227,5;6;0.070000;3;PayPal
337;Laura Deledda;28;Italia;Femmina;991;7;52;12595,73;1.570000000000000000;24,17;0;242,23;6;0.010000;9;Contrassegno
338;Marina Lercari;46;Italia;Femmina;403;50;11;1083,87;0.820000000000000000;27,6;0;98,53;5;0.040000;3;Carta di credito
339;Loredana Morgagni;43;Italia;Femmina;72;1;1;811,43;0.420000000000000000;21,95;1;811,43;3;0.000000;0;Bonifico bancario
340;Yan Rodrigues;22;Brasile;Maschio;559;20;17;6745,21;0.910000000000000000;39,24;0;396,78;6;0.000000;5;Bonifico bancario
341;Gabriella Gullotta;49;Italia;Femmina;258;4;12;6157,49;1.400000000000000000;40,04;0;513,12;5;0.000000;2;Bonifico bancario
342;Alexandra Sá;36;Portogallo;Femmina;1327;42;62;17959,33;1.400000000000000000;19,33;0;289,67;6;0.030000;11;Bonifico bancario
343;Willem Vermeiren;42;Belgio;Maschio;453;1;14;2926,8;0.930000000000000000;32,39;0;209,06;6;0.070000;3;PayPal
344;Patrizio Sforza;34;Italia;Maschio;993;8;50;12629,72;1.510000000000000000;20,77;0;252,59;6;0.000000;9;PayPal
345;Ronaldo Camuccini;25;Italia;Maschio;749;12;65;17357,23;2.600000000000000000;13,26;0;267,03;6;0.050000;12;Contrassegno
346;Jelle Janssen;24;Paesi Bassi;Maschio;598;2;20;3196,25;1.000000000000000000;14,62;0;159,81;6;0.080000;3;Carta di credito
347;Luigi Zamengo;43;Italia;Maschio;601;25;26;4969,06;1.300000000000000000;13,07;0;191,12;6;0.020000;2;Contrassegno
348;Anita Tognazzi;35;Italia;Femmina;390;3;17;3058,06;1.310000000000000000;38,21;0;179,89;6;0.100000;4;PayPal
349;Karina Tomaszuk;41;Polonia;Femmina;362;9;15;6706,91;1.240000000000000000;21,23;0;447,13;6;0.030000;2;Bonifico bancario
350;Ezio Tedesco;52;Italia;Maschio;812;0;37;9026,77;1.370000000000000000;28,84;0;243,97;6;0.040000;5;Bonifico bancario
351;Giulia Natta;28;Italia;Femmina;306;13;21;5287,09;2.060000000000000000;14,95;0;251,77;6;0.000000;4;Carta di credito
352;Dina Tornatore;31;Italia;Femmina;315;1;20;4012,65;1.900000000000000000;11,36;0;200,63;6;0.070000;0;Carta di credito
353;Rita Benson;59;Australia;Femmina;189;6;9;1000,48;1.430000000000000000;8,8;0;111,16;6;0.070000;2;Carta di credito
354;Alessandra Armani;55;Italia;Femmina;629;46;24;4663,31;1.140000000000000000;25,22;0;194,3;6;0.020000;2;Contrassegno
355;Lolita Marini;34;Italia;Femmina;154;26;2;101,01;0.390000000000000000;21,95;1;50,51;2;0.000000;2;Bonifico bancario
356;Pierina Iannotti;48;Italia;Femmina;1028;4;48;10304,27;1.400000000000000000;26,29;0;214,67;6;0.030000;12;Carta di credito
357;Marcel Gangl;47;Austria;Maschio;680;25;20;4490,93;0.880000000000000000;27,82;0;224,55;6;0.020000;8;Bonifico bancario
358;Giovanni Magrassi;31;Italia;Maschio;351;12;14;4361,4;1.200000000000000000;31,09;0;311,53;6;0.000000;5;Carta di credito
359;Michaël De Ridder;20;Belgio;Maschio;309;9;12;2229,72;1.170000000000000000;18,33;0;185,81;6;0.000000;2;Carta di credito
360;Annibale Mascheroni;28;Italia;Maschio;626;15;26;7621,37;1.250000000000000000;22,04;0;293,13;6;0.000000;1;PayPal
361;Guy Janssens;69;Belgio;Maschio;481;19;15;4664,66;0.940000000000000000;19,58;0;310,98;5;0.040000;3;Carta di credito
362;Lucia Salvo;45;Italia;Femmina;493;21;19;4808,83;1.160000000000000000;24,75;0;253,1;6;0.030000;2;Carta di credito
363;Kristien Liekens;51;Belgio;Femmina;792;7;32;7195,29;1.210000000000000000;32,3;0;224,85;6;0.060000;2;Carta di credito
364;Emilio Offredi;61;Italia;Maschio;794;11;36;6539,79;1.360000000000000000;20,59;0;181,66;6;0.020000;7;Contrassegno
365;Thomas Legendre;75;Francia;Maschio;516;0;16;4757,02;0.930000000000000000;28,76;0;297,31;6;0.000000;3;Bonifico bancario
366;Kai Hemetsberger;54;Austria;Maschio;442;9;12;5356,52;0.810000000000000000;26,41;0;446,38;5;0.000000;1;Bonifico bancario
367;Naomi Ziegler;34;Austria;Femmina;225;10;6;311,24;0.800000000000000000;42,37;0;51,87;5;0.000000;0;Carta di credito
368;Isabela Agullo;34;Spagna;Femmina;423;16;20;3371,22;1.420000000000000000;21,35;0;168,56;6;0.030000;2;Bonifico bancario
369;Bruno Cibin;46;Italia;Maschio;73;37;4;429,81;1.640000000000000000;3,06;0;107,45;5;0.250000;0;Bonifico bancario
370;Gian Sobrero;28;Italia;Maschio;76;10;4;2251,78;1.580000000000000000;6,93;0;562,94;5;0.000000;0;Bonifico bancario
371;Augustin Laroche;32;Francia;Maschio;50;14;1;25,24;0.600000000000000000;21,95;1;25,24;1;0.000000;0;PayPal
372;Victoriano Torrijos;49;Spagna;Maschio;562;2;24;3646,88;1.280000000000000000;31,73;0;151,95;6;0.110000;4;Carta di credito
373;Mia De Mey;27;Belgio;Femmina;367;4;32;5375,05;2.620000000000000000;7,65;0;167,97;6;0.030000;5;Bonifico bancario
374;Amadeo Chigi;46;Italia;Maschio;349;17;8;777,5;0.690000000000000000;40,52;0;97,19;5;0.080000;1;Contrassegno
375;Morgan Miller;19;Australia;Femmina;195;3;5;445,55;0.770000000000000000;17,37;0;89,11;5;0.110000;0;PayPal
376;Toni Flaiano;40;Italia;Maschio;706;60;29;5886,25;1.230000000000000000;20,69;0;202,97;6;0.020000;1;Bonifico bancario
377;Ramona Pezzali;39;Italia;Femmina;167;3;4;897,2;0.720000000000000000;29,94;0;224,3;4;0.000000;2;Bonifico bancario
378;Gian Babati;61;Italia;Maschio;1082;8;54;16938,35;1.500000000000000000;21,05;0;313,67;6;0.050000;7;Carta di credito
380;Kyle Allen;43;Stati Uniti;Maschio;581;19;29;9147,54;1.500000000000000000;25,91;0;315,43;6;0.090000;2;Bonifico bancario
381;Roberto Giolitti;18;Italia;Maschio;9;3;1;33,92;1.000000000000000000;21,95;1;33,92;1;0.000000;0;Bonifico bancario
382;Martino Falier;44;Italia;Maschio;139;45;8;1019,49;1.730000000000000000;4,73;0;127,44;4;0.000000;0;Contrassegno
383;Vanessa Sagnelli;41;Italia;Femmina;675;15;26;5928,99;1.160000000000000000;20,23;0;228,04;6;0.020000;6;PayPal
384;Monica Briccialdi;30;Italia;Femmina;522;13;27;7496,45;1.550000000000000000;20,69;0;277,65;5;0.100000;4;PayPal
385;Anabel Roda;32;Spagna;Femmina;580;41;17;2627,36;0.880000000000000000;24,79;0;154,55;6;0.040000;4;Bonifico bancario
386;Christina Moran;55;Stati Uniti;Femmina;227;5;7;3028,77;0.930000000000000000;5,85;0;432,68;5;0.070000;2;Carta di credito
387;Melissa Fornaciari;21;Italia;Femmina;760;73;27;7020,68;1.070000000000000000;26,97;0;260,03;6;0.020000;5;Carta di credito
388;Francisca Pereira;54;Portogallo;Femmina;409;34;18;3732,8;1.320000000000000000;27,19;0;207,38;6;0.100000;2;Bonifico bancario
389;Nedda Fantoni;40;Italia;Femmina;565;45;17;4373,1;0.900000000000000000;26,03;0;257,24;6;0.000000;2;Bonifico bancario
390;Fernanda Tomaselli;31;Italia;Femmina;116;10;6;529,95;1.550000000000000000;7,98;0;88,33;4;0.110000;1;Contrassegno
391;Nicoletta Trapani;59;Italia;Femmina;687;40;31;6274,15;1.350000000000000000;15,87;0;202,39;6;0.020000;5;PayPal
392;Kate Van Ooste;45;Paesi Bassi;Femmina;331;3;11;2858,03;1.000000000000000000;40,04;0;259,82;6;0.070000;2;Carta di credito
393;Vitória Peixoto;41;Brasile;Femmina;660;24;27;6197,86;1.230000000000000000;22,65;0;229,55;6;0.000000;3;Carta di credito
394;Vittoria Rinaldi;46;Italia;Femmina;299;31;11;2386,27;1.100000000000000000;14,94;0;216,93;6;0.050000;4;Bonifico bancario
395;Emanuel Correia;48;Portogallo;Maschio;219;7;6;3517,38;0.820000000000000000;31,25;0;586,23;4;0.000000;0;Carta di credito
396;Lilla Malacarne;32;Italia;Femmina;859;12;41;10727,74;1.430000000000000000;22,1;0;261,65;6;0.030000;11;PayPal
397;Lidia Treves;22;Italia;Femmina;247;9;4;161,74;0.490000000000000000;49,1;0;40,44;4;0.000000;2;Bonifico bancario
398;Maura Montalcini;39;Italia;Femmina;172;1;6;1441,71;1.050000000000000000;25,52;0;240,28;5;0.000000;1;Carta di credito
399;Antoine Martel;18;Francia;Maschio;204;28;8;1915,55;1.180000000000000000;16,53;0;239,44;5;0.000000;1;Bonifico bancario
400;Kelly De Keyser;39;Belgio;Femmina;113;1;9;2900,65;2.390000000000000000;16,54;0;322,29;5;0.000000;0;Bonifico bancario
401;Gastone Faugno;18;Italia;Maschio;59;3;3;447,16;1.530000000000000000;17,68;0;149,05;2;0.000000;0;Bonifico bancario
402;Adriano Giacconi;41;Italia;Maschio;693;22;30;7741,91;1.300000000000000000;22,88;0;258,06;6;0.030000;1;Contrassegno
403;Zacarías Orozco;30;Spagna;Maschio;944;1;54;13073,96;1.720000000000000000;18,35;0;242,11;6;0.030000;9;PayPal
404;Sian Edwards;38;Regno Unito;Femmina;1000;46;49;12109,51;1.470000000000000000;16,64;0;247,13;6;0.010000;10;Bonifico bancario
405;Rossana Pacelli;42;Italia;Femmina;475;6;19;2262,68;1.200000000000000000;25,61;0;119,09;6;0.110000;4;PayPal
406;Marco Amato;33;Italia;Maschio;877;22;46;9306,15;1.570000000000000000;16,75;0;202,31;6;0.020000;6;Bonifico bancario
407;Gabriel Wlaźlak;31;Polonia;Maschio;582;2;20;1950,4;1.030000000000000000;34,24;0;97,52;6;0.030000;3;PayPal
408;Eugène Noël;32;Francia;Maschio;538;15;21;4219,23;1.170000000000000000;23,19;0;200,92;6;0.110000;2;Carta di credito
409;Tammy Evans;33;Stati Uniti;Femmina;354;57;12;2776,39;1.020000000000000000;38,06;0;231,37;5;0.000000;1;Bonifico bancario
410;Olga Gonzaga;32;Italia;Femmina;713;1;33;5671,98;1.390000000000000000;30,72;0;171,88;6;0.020000;9;PayPal
411;Erika Bresciani;32;Italia;Femmina;1017;14;43;13207,55;1.270000000000000000;18,7;0;307,15;6;0.030000;7;Contrassegno
412;Ettore Morandi;38;Italia;Maschio;396;34;21;7517,6;1.590000000000000000;15,16;0;357,98;6;0.000000;2;PayPal
413;Sylvia Bertoni;18;Italia;Femmina;54;4;1;19,83;0.560000000000000000;21,95;1;19,83;1;0.000000;2;Carta di credito
414;Nicolas Weiss;36;Francia;Maschio;326;9;8;1331,96;0.740000000000000000;48,43;0;166,49;5;0.000000;2;Carta di credito
415;Ivo Baptista;42;Portogallo;Maschio;193;0;6;1297,93;0.930000000000000000;21,41;0;216,32;5;0.000000;1;Carta di credito
416;Giancarlo Zoppetti;19;Italia;Maschio;273;9;7;2497,53;0.770000000000000000;22,78;0;356,79;5;0.130000;0;Carta di credito
417;Gudrun Heintze;20;Germania;Femmina;272;48;5;1283,64;0.550000000000000000;18,55;0;256,73;5;0.000000;1;PayPal
418;Lauretta Franzese;34;Italia;Femmina;469;5;19;2475,57;1.220000000000000000;22,53;0;130,29;6;0.000000;3;PayPal
419;Rosina Riccardi;30;Italia;Femmina;979;28;49;7789,52;1.500000000000000000;23,71;0;158,97;6;0.070000;11;PayPal
420;Borys Sularz;52;Polonia;Maschio;94;50;1;89,44;0.320000000000000000;21,95;1;89,44;1;0.000000;1;PayPal
421;Sylvia Cerutti;39;Italia;Femmina;657;6;23;4910,99;1.050000000000000000;36,34;0;213,52;6;0.000000;1;PayPal
422;Gertraude Patberg;43;Germania;Femmina;153;3;7;1216,6;1.370000000000000000;15,3;0;173,8;5;0.000000;0;Bonifico bancario
423;Patricia Frost;37;Australia;Femmina;169;1;8;4526,69;1.420000000000000000;22,49;0;565,84;4;0.070000;1;Bonifico bancario
424;Pompeo Fischetti;50;Italia;Maschio;243;49;12;4314,49;1.480000000000000000;19,13;0;359,54;5;0.000000;1;Contrassegno
425;Lodewijk Everaert;18;Belgio;Maschio;80;0;5;947,75;1.880000000000000000;7,63;0;189,55;5;0.000000;0;Carta di credito
426;Livio Fischetti;33;Italia;Maschio;165;1;9;4435,59;1.640000000000000000;22,98;0;492,84;6;0.100000;0;Bonifico bancario
427;Cassandra Visconti;33;Italia;Femmina;1106;24;73;23264,45;1.980000000000000000;20;0;318,69;6;0.030000;10;PayPal
428;Ciro Villarosa;32;Italia;Maschio;584;58;23;3350,83;1.180000000000000000;18,46;0;145,69;6;0.000000;3;Carta di credito
429;Allegra Grassi;36;Italia;Femmina;776;27;35;9835,33;1.350000000000000000;24,83;0;281,01;6;0.040000;5;Carta di credito
430;Gianni Goldstein;36;Italia;Maschio;207;49;7;484,39;1.010000000000000000;8,85;0;69,2;4;0.000000;0;PayPal
431;Bert Claeys;25;Belgio;Maschio;94;26;5;230,19;1.600000000000000000;10,52;0;46,04;4;0.000000;0;Carta di credito
432;Manuel Bernardini;31;Italia;Maschio;1096;14;71;21434,01;1.940000000000000000;14,51;0;301,89;6;0.020000;7;PayPal
433;Lukas Böhm;40;Austria;Maschio;605;11;27;8337,48;1.340000000000000000;19,28;0;308,8;6;0.020000;3;Carta di credito
434;Lorenzo Faggiani;38;Italia;Maschio;957;25;31;7759;0.970000000000000000;36,91;0;250,29;6;0.030000;8;PayPal
435;Geronimo Gigli;33;Italia;Maschio;44;16;3;1310,97;2.050000000000000000;9,9;0;436,99;4;0.000000;1;Carta di credito
436;千代 林;69;Giappone;Femmina;1022;43;45;10885,09;1.320000000000000000;21,18;0;241,89;6;0.000000;9;Bonifico bancario
437;Halina Schweitzer;54;Germania;Femmina;954;16;46;11148,07;1.450000000000000000;21,58;0;242,35;6;0.000000;9;Carta di credito
438;Pina Esposito;34;Italia;Femmina;642;25;15;4708,16;0.700000000000000000;38,94;0;313,88;5;0.040000;2;Carta di credito
439;Isabela Antunes;33;Portogallo;Femmina;1151;6;60;14713,53;1.560000000000000000;20,84;0;245,23;6;0.040000;10;Carta di credito
440;Ewelina Klos;41;Polonia;Femmina;435;15;23;4194,54;1.590000000000000000;16,47;0;182,37;6;0.040000;5;PayPal
441;Anthony Hernandez;63;Stati Uniti;Maschio;1014;18;57;19125,92;1.690000000000000000;16,31;0;335,54;6;0.050000;2;Carta di credito
442;Margaux Ferreira;39;Francia;Femmina;387;39;17;2727,82;1.320000000000000000;17,58;0;160,46;6;0.000000;2;PayPal
443;Osvaldo Donarelli;18;Italia;Maschio;148;21;5;1000,32;1.010000000000000000;30,67;0;200,06;5;0.110000;0;Carta di credito
444;Emilio Mocenigo;22;Italia;Maschio;114;15;6;176,71;1.580000000000000000;18,33;0;29,45;3;0.000000;1;Bonifico bancario
445;Paloma Gregorio;56;Italia;Femmina;10;7;2;2539,01;2.000000000000000000;21,95;1;1269,5;2;0.000000;0;PayPal
446;Sandy Gehringer;50;Germania;Femmina;997;7;44;14726,23;1.320000000000000000;20,41;0;334,69;6;0.020000;3;Bonifico bancario
447;Elena Schönberger;59;Austria;Femmina;876;10;53;10253,75;1.820000000000000000;16,3;0;193,47;6;0.010000;3;PayPal
448;Marcial Vaquero;36;Spagna;Maschio;445;2;28;4787,41;1.890000000000000000;13,29;0;170,98;6;0.000000;3;PayPal
449;Yolanda Maza;56;Spagna;Femmina;642;7;29;5547,7;1.360000000000000000;20,83;0;191,3;6;0.020000;3;Bonifico bancario
450;Loredana Curatoli;55;Italia;Femmina;809;136;29;5540,25;1.080000000000000000;33,76;0;191,04;6;0.000000;4;Contrassegno
451;Gloria Dalla;43;Italia;Femmina;1211;5;125;28229,97;3.100000000000000000;9,79;0;225,84;6;0.050000;18;PayPal
452;Débora Pinheiro;35;Portogallo;Femmina;324;4;9;1526,32;0.830000000000000000;30,24;0;169,59;5;0.000000;0;Carta di credito
453;Nina Cornelis;52;Belgio;Femmina;906;2;41;3247,65;1.360000000000000000;32,38;0;79,21;6;0.040000;7;Bonifico bancario
454;Donna Cruz;57;Australia;Femmina;289;17;15;4635,79;1.560000000000000000;22,9;0;309,05;6;0.000000;3;Carta di credito
455;Gerrit Sarneel;47;Paesi Bassi;Maschio;80;9;4;809,86;1.500000000000000000;8,39;0;202,47;3;0.000000;1;Carta di credito
456;Pina Argan;51;Italia;Femmina;1139;9;98;20320,83;2.580000000000000000;9,79;0;207,36;6;0.040000;15;Contrassegno
457;Jessica Thomas;27;Australia;Femmina;528;43;25;7351,81;1.420000000000000000;16,28;0;294,07;6;0.030000;0;Bonifico bancario
458;Rosario Natta;31;Italia;Maschio;822;13;42;15311,61;1.530000000000000000;21,47;0;364,56;6;0.010000;7;Contrassegno
459;Alberico Bodoni;26;Italia;Maschio;554;14;27;5040,8;1.460000000000000000;22,99;0;186,7;6;0.040000;5;PayPal
460;Adelmo Pedrazzini;28;Italia;Maschio;154;14;6;1050,8;1.170000000000000000;38,89;0;175,13;4;0.100000;1;Bonifico bancario
461;Rosina Fibonacci;53;Italia;Femmina;912;3;60;18706,59;1.970000000000000000;16,19;0;311,78;6;0.020000;3;PayPal
462;Graziella Padovano;40;Italia;Femmina;227;18;14;5141,47;1.850000000000000000;12,87;0;367,25;6;0.030000;3;Contrassegno
463;Roland Caron;57;Francia;Maschio;1073;18;68;17174,09;1.900000000000000000;13,33;0;252,56;6;0.020000;11;Bonifico bancario
464;Milena Carpaccio;36;Italia;Femmina;203;42;5;526,86;0.740000000000000000;32,79;0;105,37;4;0.000000;1;Contrassegno
465;Lucio Fantozzi;38;Italia;Maschio;594;40;26;5922,29;1.310000000000000000;22,49;0;227,78;6;0.000000;5;Carta di credito
466;Thierry Thierry;35;Francia;Maschio;310;91;7;245,43;0.680000000000000000;35,55;0;35,06;4;0.000000;4;Carta di credito
467;Isabel Torres;30;Portogallo;Femmina;1183;12;55;15588,44;1.390000000000000000;21,19;0;283,43;6;0.010000;7;Carta di credito
468;Girolamo Turchetta;23;Italia;Maschio;230;10;11;3661,3;1.430000000000000000;10,22;0;332,85;6;0.000000;0;PayPal
469;Alessandra Pedroni;28;Italia;Femmina;500;3;24;9745,25;1.440000000000000000;21,35;0;406,05;6;0.060000;3;PayPal
470;Thomas Laureys;42;Belgio;Maschio;472;2;21;5038,69;1.330000000000000000;22,05;0;239,94;6;0.080000;5;Carta di credito
471;Isabella Cugia;48;Italia;Femmina;1348;7;58;20860;1.290000000000000000;16,23;0;359,66;6;0.040000;10;Contrassegno
472;Márcio Pinheiro;45;Portogallo;Maschio;648;29;24;5046,93;1.110000000000000000;27,13;0;210,29;6;0.000000;4;Bonifico bancario
473;Bianka Kuświk;26;Polonia;Femmina;382;14;15;928,28;1.180000000000000000;32,43;0;61,89;5;0.000000;0;Bonifico bancario
474;Robert Morrow;35;Stati Uniti;Maschio;588;36;28;9611,35;1.430000000000000000;20,72;0;343,26;6;0.000000;4;Bonifico bancario
475;Róża Piórek;18;Polonia;Femmina;134;12;6;936,43;1.340000000000000000;30,15;0;156,07;4;0.080000;2;PayPal
476;Fenna Ridder;30;Paesi Bassi;Femmina;995;58;45;11507,84;1.360000000000000000;23,73;0;255,73;6;0.010000;6;Carta di credito
477;Luka Drysdale;40;Paesi Bassi;Maschio;809;3;51;12558,44;1.890000000000000000;15,32;0;246,24;6;0.050000;6;Bonifico bancario
478;Benito Argentero;29;Italia;Maschio;319;4;17;5109,96;1.600000000000000000;15,15;0;300,59;5;0.030000;3;Carta di credito
479;Miguel Batista;46;Portogallo;Maschio;1180;22;61;13379,79;1.550000000000000000;16,16;0;219,34;6;0.000000;8;Carta di credito
480;Daria Petralli;43;Italia;Femmina;499;26;23;6046,48;1.380000000000000000;27,17;0;262,89;6;0.020000;6;Carta di credito
481;Nicole Johnson;36;Canada;Femmina;574;6;23;7617,69;1.200000000000000000;23,23;0;331,2;6;0.020000;1;PayPal
482;Amico Ferragamo;52;Italia;Maschio;471;29;21;5456,89;1.340000000000000000;15,12;0;259,85;5;0.000000;3;Bonifico bancario
483;Stephanie Van Hecke;29;Belgio;Femmina;401;0;18;4475,45;1.350000000000000000;24,98;0;248,64;6;0.000000;2;Carta di credito
484;Cipriano Canil;25;Italia;Maschio;168;10;1;12,62;0.180000000000000000;21,95;1;12,62;1;0.000000;3;Contrassegno
485;Serafina Curatoli;29;Italia;Femmina;993;0;48;7719,48;1.450000000000000000;21,62;0;160,82;6;0.010000;7;Carta di credito
486;Isabel Anjos;32;Portogallo;Femmina;574;29;18;5888,66;0.940000000000000000;28,93;0;327,15;6;0.000000;1;Carta di credito
487;Benito Lollobrigida;32;Italia;Maschio;836;3;41;10741,1;1.470000000000000000;22,26;0;261,98;6;0.010000;8;PayPal
488;Ettore Dossi;35;Italia;Maschio;697;56;31;8909,59;1.330000000000000000;20,26;0;287,41;6;0.020000;8;Bonifico bancario
489;Serena Accardo;27;Italia;Femmina;351;6;11;3189,25;0.940000000000000000;25,51;0;289,93;5;0.000000;1;Carta di credito
490;Pompeo Musatti;47;Italia;Maschio;583;0;25;5412,41;1.290000000000000000;38,03;0;216,5;6;0.000000;4;Contrassegno
491;翔太 山本;50;Giappone;Maschio;1058;42;53;8651,06;1.500000000000000000;17,72;0;163,23;6;0.000000;7;PayPal
492;Joyce Smith;46;Regno Unito;Femmina;49;6;2;104,75;1.220000000000000000;21,95;1;52,38;1;0.000000;1;Carta di credito
493;Aldo Palazzo;22;Italia;Maschio;312;4;11;3722,58;1.060000000000000000;7,92;0;338,42;6;0.000000;1;PayPal
494;Aaron Baldwin;27;Stati Uniti;Maschio;771;14;33;7512,44;1.280000000000000000;25,61;0;227,65;6;0.060000;8;PayPal
495;Mafalda Marques;35;Portogallo;Femmina;119;13;7;1869,86;1.760000000000000000;14,21;0;267,12;6;0.000000;0;Carta di credito
496;Henri Menard;39;Francia;Maschio;453;51;12;2386,25;0.790000000000000000;39,42;0;198,85;5;0.000000;2;Carta di credito
497;Inaya Simons;43;Paesi Bassi;Femmina;196;7;9;2782,67;1.380000000000000000;13,61;0;309,19;6;0.000000;1;Carta di credito
498;Giancarlo Cocci;55;Italia;Maschio;345;0;11;1775,74;0.960000000000000000;15,39;0;161,43;6;0.000000;2;Carta di credito
499;Tanner Rivas;45;Australia;Maschio;1179;11;59;14379,1;1.500000000000000000;23,12;0;243,71;6;0.030000;12;Carta di credito
500;Traci Sanchez;26;Canada;Femmina;166;31;5;1293,91;0.900000000000000000;25,32;0;258,78;3;0.000000;1;Bonifico bancario
501;Victoria Iacovelli;22;Italia;Femmina;1026;2;51;10946,08;1.490000000000000000;23,51;0;214,63;6;0.050000;9;PayPal
502;Margherita Scaramucci;55;Italia;Femmina;171;7;7;2975,16;1.230000000000000000;29,89;0;425,02;5;0.000000;0;Bonifico bancario
503;Benvenuto Niggli;39;Italia;Maschio;730;3;29;4115,14;1.190000000000000000;27,12;0;141,9;6;0.020000;1;Carta di credito
504;Steven Mühlbacher;38;Austria;Maschio;251;21;7;4986,32;0.840000000000000000;23,48;0;712,33;4;0.000000;3;Bonifico bancario
505;Johann Dorn;45;Austria;Maschio;371;0;6;859,22;0.490000000000000000;41,03;0;143,2;5;0.000000;2;Bonifico bancario
506;Ippazio Bossi;62;Italia;Maschio;384;1;12;4267,28;0.940000000000000000;28,18;0;355,61;6;0.000000;2;PayPal
507;Eraldo Paltrinieri;27;Italia;Maschio;274;23;12;2644,99;1.310000000000000000;17,55;0;220,42;6;0.050000;2;PayPal
508;Goffredo Visconti;34;Italia;Maschio;451;4;18;4148,04;1.200000000000000000;22,27;0;230,45;6;0.000000;2;Contrassegno
509;Marco Orengo;44;Italia;Maschio;823;31;37;16492,88;1.350000000000000000;19,3;0;445,75;6;0.040000;2;PayPal
510;Annalisa Callegari;38;Italia;Femmina;233;6;7;2820,65;0.900000000000000000;31,05;0;402,95;5;0.000000;1;Contrassegno
511;Morena Piccio;24;Italia;Femmina;110;3;5;573,04;1.360000000000000000;24,25;0;114,61;4;0.000000;1;Bonifico bancario
512;Costanzo Gotti;20;Italia;Maschio;281;38;12;1020,53;1.280000000000000000;18,19;0;85,04;6;0.000000;3;Carta di credito
513;Pomponio Ravaglioli;52;Italia;Maschio;801;24;29;3819,07;1.090000000000000000;28,96;0;131,69;6;0.020000;5;Carta di credito
514;Virginia Sibilia;29;Italia;Femmina;1036;51;60;15216,71;1.740000000000000000;21,4;0;253,61;6;0.030000;6;Bonifico bancario
515;Pietro Soranzo;29;Italia;Maschio;659;9;29;4389,3;1.320000000000000000;21,29;0;151,36;6;0.020000;4;PayPal
516;Azeglio Persico;52;Italia;Maschio;485;0;25;5097,99;1.550000000000000000;17,56;0;203,92;6;0.020000;5;Bonifico bancario
517;Andre Knox;58;Stati Uniti;Maschio;836;4;46;10243,25;1.650000000000000000;15,46;0;222,68;6;0.080000;1;PayPal
518;Lauretta Necci;18;Italia;Femmina;76;0;5;602,19;1.970000000000000000;3,11;0;120,44;5;0.000000;0;PayPal
519;Fredo Tosi;38;Italia;Maschio;358;12;16;2402,76;1.340000000000000000;19,2;0;150,17;6;0.030000;1;PayPal
520;Lex Massa;42;Paesi Bassi;Maschio;586;8;18;5513,27;0.920000000000000000;31,07;0;306,29;6;0.000000;2;Bonifico bancario
521;Hazel Fraser;59;Regno Unito;Femmina;569;19;30;10949,33;1.580000000000000000;33,12;0;364,98;6;0.000000;3;Bonifico bancario
522;Carsten Möchlichen;18;Germania;Maschio;87;4;6;1340,29;2.070000000000000000;4,93;0;223,38;5;0.000000;0;PayPal
523;Danielle Johnson;45;Stati Uniti;Femmina;770;1;34;8540,64;1.320000000000000000;23,53;0;251,2;6;0.040000;4;Carta di credito
524;Gabriella Gradenigo;40;Italia;Femmina;745;125;26;5550,58;1.050000000000000000;20,68;0;213,48;6;0.040000;5;Contrassegno
525;Lana Hauer;39;Austria;Femmina;81;48;1;32,13;0.370000000000000000;21,95;1;32,13;1;0.000000;1;PayPal
526;Mariana Pacetti;56;Italia;Femmina;133;33;3;68,61;0.680000000000000000;3,54;0;22,87;3;0.000000;3;Carta di credito
527;Sven Schatz;42;Austria;Maschio;182;2;7;1112,07;1.150000000000000000;38,2;0;158,87;5;0.000000;1;Bonifico bancario
528;Erika Montanariello;70;Italia;Femmina;736;14;29;4498,42;1.180000000000000000;26,9;0;155,12;6;0.040000;6;Contrassegno
529;Rosina Bonbach;19;Germania;Femmina;91;38;3;1664,68;0.990000000000000000;0,71;0;554,89;4;0.000000;0;PayPal
530;Teresa Viola;36;Italia;Femmina;548;4;23;8535,93;1.260000000000000000;17,91;0;371,13;6;0.070000;5;PayPal
531;Olgierd Magier;33;Polonia;Maschio;357;89;11;1939,57;0.920000000000000000;25,63;0;176,32;6;0.000000;2;Carta di credito
532;Ester Albuquerque;41;Brasile;Femmina;190;16;4;634,13;0.630000000000000000;59,16;0;158,53;5;0.000000;0;Bonifico bancario
533;Gionata Piacentini;54;Italia;Maschio;413;35;25;4912,52;1.820000000000000000;16,09;0;196,5;6;0.060000;4;Contrassegno
534;Sergius Pedersoli;41;Italia;Maschio;119;16;6;841,1;1.510000000000000000;11,54;0;140,18;4;0.080000;2;PayPal
535;Emilie Fink;18;Austria;Femmina;21;0;1;14,99;1.000000000000000000;21,95;1;14,99;1;0.000000;0;Bonifico bancario
536;Mirco Hendriks;42;Germania;Maschio;684;47;25;7247,93;1.100000000000000000;27,22;0;289,92;6;0.000000;2;Bonifico bancario
537;Naud Van Wassenaar;33;Paesi Bassi;Maschio;581;15;19;4303,48;0.980000000000000000;29,87;0;226,5;6;0.000000;5;PayPal
538;Reyes Molins;34;Spagna;Femmina;858;19;47;13173,67;1.640000000000000000;17,83;0;280,29;6;0.010000;6;PayPal
539;Eliana Rensi;45;Italia;Femmina;654;3;18;6936,08;0.830000000000000000;42,07;0;385,34;6;0.000000;3;Carta di credito
540;Matias Freitas;49;Portogallo;Maschio;361;14;14;4428,42;1.160000000000000000;28,6;0;316,32;6;0.000000;3;PayPal
541;Tanner Spencer;46;Australia;Maschio;560;46;26;8345,57;1.390000000000000000;15,29;0;320,98;6;0.020000;3;PayPal
542;Vincent Perry;47;Regno Unito;Maschio;857;1;39;12257,61;1.370000000000000000;21,79;0;314,3;6;0.020000;6;Carta di credito
543;Edoardo Renier;40;Italia;Maschio;859;33;49;10424,62;1.710000000000000000;16,53;0;212,75;6;0.020000;7;PayPal
544;Isabel Guerra;34;Brasile;Femmina;633;31;18;5727,28;0.850000000000000000;33,97;0;318,18;6;0.000000;4;Carta di credito
545;Alessandra Capone;26;Italia;Femmina;855;22;39;11535,2;1.370000000000000000;27,74;0;295,77;6;0.110000;5;Contrassegno
546;Peer Jacobi Jäckel;52;Germania;Maschio;65;54;1;45,62;0.460000000000000000;21,95;1;45,62;1;0.000000;0;PayPal
547;Simone Rocca;19;Italia;Maschio;33;3;3;456,28;2.730000000000000000;4,24;0;152,09;3;0.000000;0;PayPal
549;Sheila Riley;18;Regno Unito;Femmina;115;21;3;450,86;0.780000000000000000;10,61;0;150,29;5;0.000000;0;PayPal
550;Tatiana Rossini;48;Italia;Femmina;35;5;1;22,31;0.860000000000000000;21,95;1;22,31;1;0.000000;0;Bonifico bancario
551;Joanne Rhodes;34;Regno Unito;Femmina;1231;22;59;12607,56;1.440000000000000000;18,03;0;213,69;6;0.030000;7;Bonifico bancario
552;Dino Bettoni;33;Italia;Maschio;673;14;27;4671,11;1.200000000000000000;36,93;0;173;6;0.020000;3;PayPal
553;Jan Vanneste;26;Belgio;Maschio;1218;19;60;11877,65;1.480000000000000000;20,75;0;197,96;6;0.010000;5;Carta di credito
554;Germana Sauli;37;Italia;Femmina;469;41;21;6578,53;1.340000000000000000;23,61;0;313,26;6;0.000000;1;Contrassegno
555;Lucia Boldù;43;Italia;Femmina;412;4;15;4697,99;1.090000000000000000;23,59;0;313,2;6;0.000000;4;Bonifico bancario
556;Ludovico Gabrieli;18;Italia;Maschio;16;2;2;80,49;2.000000000000000000;21,95;1;40,25;1;0.000000;0;Bonifico bancario
557;Nino Renzi;20;Italia;Maschio;144;56;5;391,54;1.040000000000000000;14,52;0;78,31;5;0.000000;1;Carta di credito
558;Antônio Cassiano;45;Brasile;Maschio;1129;13;56;12879,13;1.490000000000000000;23,1;0;229,98;6;0.020000;5;Bonifico bancario
559;Annetta Scarpa;26;Italia;Femmina;316;0;14;4423,43;1.330000000000000000;19,62;0;315,96;6;0.030000;2;Contrassegno
560;Nathalie Morin;64;Francia;Femmina;1055;5;66;13684,36;1.880000000000000000;14,63;0;207,34;6;0.050000;11;PayPal
561;Leon Hunter;40;Australia;Maschio;736;2;37;9081,23;1.510000000000000000;15,84;0;245,44;6;0.000000;3;PayPal
562;Rosalia Guariento;21;Italia;Femmina;1129;20;66;17644,92;1.750000000000000000;18,55;0;267,35;6;0.020000;13;Bonifico bancario
563;Cecilia Boito;28;Italia;Femmina;194;49;5;147,81;0.770000000000000000;17,65;0;29,56;4;0.000000;0;Carta di credito
564;Giosuè Prati;33;Italia;Maschio;603;1;21;6503,02;1.040000000000000000;40,01;0;309,67;6;0.020000;4;Carta di credito
565;Márcio Morais;36;Portogallo;Maschio;426;14;17;2628,53;1.200000000000000000;32,86;0;154,62;6;0.000000;2;Bonifico bancario
566;Jolanda Bompiani;29;Italia;Femmina;172;11;9;1047,34;1.570000000000000000;26,24;0;116,37;5;0.050000;1;Contrassegno
567;Elize De Vos;50;Paesi Bassi;Femmina;308;0;15;1690,92;1.460000000000000000;20,97;0;112,73;6;0.030000;2;Bonifico bancario
568;Ágata Bartolomé;35;Spagna;Femmina;69;6;4;507,27;1.740000000000000000;7,21;0;126,82;4;0.000000;1;PayPal
569;Benvenuto Santoro;25;Italia;Maschio;454;4;16;1379,55;1.060000000000000000;23,86;0;86,22;6;0.080000;1;Carta di credito
570;Eva Forza;34;Italia;Femmina;479;14;18;5091,59;1.130000000000000000;19,97;0;282,87;6;0.000000;2;PayPal
571;Larissa Rios;38;Brasile;Femmina;7;1;2;198,41;2.000000000000000000;21,95;1;99,2;2;0.000000;0;Carta di credito
572;Marguerite Mercier;34;Francia;Femmina;652;39;20;4234,57;0.920000000000000000;35,28;0;211,73;6;0.000000;9;Carta di credito
573;Afonso Faria;41;Portogallo;Maschio;277;12;13;1786,55;1.410000000000000000;23,83;0;137,43;6;0.000000;2;Bonifico bancario
574;Nina Nunes;47;Brasile;Femmina;1129;30;62;19342,33;1.650000000000000000;18,79;0;311,97;6;0.020000;11;PayPal
575;Armando Marenzio;36;Italia;Maschio;661;57;27;6882,77;1.230000000000000000;22,76;0;254,92;6;0.000000;1;PayPal
576;Holly Davies;24;Regno Unito;Femmina;914;16;49;8764,26;1.610000000000000000;22,77;0;178,86;6;0.000000;5;Carta di credito
577;Benjamin De Oliveira;50;Francia;Maschio;300;4;10;1123,66;1.000000000000000000;42,25;0;112,37;6;0.050000;2;Bonifico bancario
578;Eliana Baggio;55;Italia;Femmina;74;16;2;120,37;0.810000000000000000;21,95;1;60,19;3;0.000000;0;PayPal
579;Isa Bocelli;54;Italia;Femmina;501;30;15;4963,79;0.900000000000000000;30,5;0;330,92;6;0.000000;4;Bonifico bancario
580;Laura Donatoni;45;Italia;Femmina;204;10;8;453,1;1.180000000000000000;14,48;0;56,64;5;0.000000;2;PayPal
581;Neil Taylor;22;Regno Unito;Maschio;882;25;49;18893,24;1.670000000000000000;16,79;0;385,58;6;0.050000;7;Carta di credito
582;Ernest Gospodarek;32;Polonia;Maschio;614;149;27;7753,15;1.320000000000000000;16,98;0;287,15;6;0.080000;2;PayPal
584;Gerard Claeys;42;Belgio;Maschio;595;34;20;9004,26;1.010000000000000000;27,64;0;450,21;6;0.000000;1;Bonifico bancario
586;Livio Gulotta;40;Italia;Maschio;543;3;24;3449,88;1.330000000000000000;24,04;0;143,74;6;0.020000;3;Contrassegno
587;Toni Rastelli;29;Italia;Maschio;179;0;8;933,7;1.340000000000000000;14,52;0;116,71;5;0.000000;2;Carta di credito
588;Arturo Galeati;25;Italia;Maschio;1164;6;65;12103,86;1.680000000000000000;17,7;0;186,21;6;0.020000;11;Carta di credito
589;Rita Boiardo;52;Italia;Femmina;591;28;24;4808,11;1.220000000000000000;21,36;0;200,34;6;0.060000;1;Bonifico bancario
590;陽一 三浦;33;Giappone;Maschio;133;2;7;1149,43;1.580000000000000000;14,91;0;164,2;5;0.000000;1;Bonifico bancario
591;Adelasia Luria;34;Italia;Femmina;222;16;16;4194,44;2.160000000000000000;12,3;0;262,15;6;0.000000;1;PayPal
592;Pina Palmisano;63;Italia;Femmina;300;13;14;1920,65;1.400000000000000000;20,12;0;137,19;6;0.000000;1;PayPal
593;Fenne Lankle;36;Paesi Bassi;Femmina;128;13;3;256,45;0.700000000000000000;29,7;0;85,48;3;0.000000;0;Carta di credito
594;Simonetta Marini;38;Italia;Femmina;935;0;95;20855,91;3.050000000000000000;8,72;0;219,54;6;0.020000;16;Carta di credito
595;Orlando Petrocelli;67;Italia;Maschio;694;40;23;2973,33;0.990000000000000000;22,06;0;129,28;6;0.000000;4;PayPal
596;Beatriz Reis;18;Portogallo;Femmina;48;2;3;1202,12;1.880000000000000000;16,26;0;400,71;3;0.000000;1;Carta di credito
597;Sara Stanclik;27;Polonia;Femmina;357;22;6;2691,15;0.500000000000000000;29,33;0;448,53;5;0.170000;2;Carta di credito
598;Gianna Gotti;45;Italia;Femmina;641;6;27;9861,72;1.260000000000000000;26,52;0;365,25;6;0.000000;4;Contrassegno
599;Stella Cilibrasi;44;Italia;Femmina;923;35;33;8254,63;1.070000000000000000;29,66;0;250,14;6;0.020000;5;Contrassegno
600;Núria Monteiro;34;Portogallo;Femmina;889;4;34;12138,89;1.150000000000000000;29,88;0;357,03;6;0.060000;4;PayPal
